entity_id,name,area,device,platform,domain,disabled,hidden
ai_task.google_ai_task,Google AI Task,,Google AI Task,google_generative_ai_conversation,ai_task,False,False
automation.activate_love_done_on_neon_off,Activate love done on neon off,,,automation,automation,False,False
automation.ai_testing,Ai testing,,,automation,automation,False,False
automation.alert_on_detection,Alert on detection,,,automation,automation,False,False
automation.brighten_bathroom_led_on_switch_double,Brighten bathroom led on switch double,Bathroom,,automation,automation,False,False
automation.brighten_bathroom_lights_during_day,Brighten bathroom lights during day,,,automation,automation,False,False
automation.brighten_olaf_s_led_controller,Brighten Olaf's Led controller,,,automation,automation,False,False
automation.brighten_zoe_s_led_controller,Brighten Zoe's led controller,,,automation,automation,False,False
automation.decrease_led_brightness_on_knob,Decrease led brightness on knob,Bedroom,,automation,automation,False,False
automation.dim_bathroom_led_after_sunset,Dim bathroom led after midnight,,,automation,automation,False,False
automation.dim_bathroom_led_on_switch_double,Dim bathroom led on switch double,Bathroom,,automation,automation,False,False
automation.dim_olafs_led_controller,Dim Olafs led controller,,,automation,automation,False,False
automation.dim_zoe_s_led_controller,Dim zoe's led controller,,,automation,automation,False,False
automation.enable_making_love_on_neon_on_2,Enable making love on neon on,,,automation,automation,False,False
automation.enable_making_love_scene_on_handler_state_on,Enable making love scene on handler state on,,,automation,automation,False,False
automation.entrance_led_light_link,Link Entrance Led,Entrance,,automation,automation,False,False
automation.fall_screen_on_entertainment_switch_button,Fall screen on entertainment switch button,,,automation,automation,False,False
automation.greeting_tomasz,Greeting Tomasz,,,automation,automation,False,False
automation.hot_tub_apply_the_scheduled_setpoint,Hot tub · apply the scheduled setpoint,,,automation,automation,False,False
automation.identyfikuj_pania_renatke,Identyfikuj Pania Renatke,,,automation,automation,False,False
automation.increase_led_controller_brightness_on_knob,Increase led controller brightness on knob,Bedroom,,automation,automation,False,False
automation.keep_extender_on,Keep extender on,,,automation,automation,False,False
automation.led_max_brightness_on_knob,Led max brightness on knob,Bedroom,,automation,automation,False,False
automation.led_min_brightness_on_knob,Led min brightness on knob,Bedroom,,automation,automation,False,False
automation.link_atrium_switches,Link atrium switches,,,automation,automation,False,False
automation.link_bathroom_led_and_switch,Link bathroom led and switch,Bathroom,,automation,automation,False,False
automation.link_beam_led_and_switch,Link beam led and switch,,,automation,automation,False,False
automation.link_bedroom_led_and_switch,Link bedroom led and switches,Bedroom,,automation,automation,False,False
automation.link_cabinet_led_and_switch_2,Link cabinet led and switch,Kitchen,,automation,automation,False,False
automation.link_entrance_closet,Link Entrance Closet,Entrance,,automation,automation,False,False
automation.link_entrance_main_light,Link entrance main light,,,automation,automation,False,False
automation.link_hall_entrance_switches,Link hall entrance switches,Hall,,automation,automation,False,False
automation.link_hall_rooms_lights,Link hall rooms lights,Hall,,automation,automation,False,False
automation.link_iceicles_and_switch,Link iceicles and switch,Entrance,,automation,automation,False,False
automation.link_island_switches,Link island switches,Kitchen,,automation,automation,False,False
automation.link_kids_bathroom_led_and_switch,Link kids bathroom led and switch,Kid's bathroom,,automation,automation,False,False
automation.link_neon_and_switch,Link neon and switch,Bedroom,,automation,automation,False,False
automation.link_olaf_bedlight_and_switch,Link Olaf bedlight and switch,,,automation,automation,False,False
automation.link_olaf_main_light_and_switch,Link olaf main light and switch,,,automation,automation,False,False
automation.link_outside_light_switches,Link outside light switches,,,automation,automation,False,False
automation.link_projector_with_switch,Link projector with switch,Living Room,,automation,automation,False,False
automation.link_sofa_switches,Link sofa switches,Living Room,,automation,automation,False,False
automation.link_stairs_switches,Link stairs switches,Mezzanine,,automation,automation,False,False
automation.link_storage_light,Link storage light,Storage Room,,automation,automation,False,False
automation.link_switch_and_back_icicles,Link switch and back icicles,Garden back,,automation,automation,False,False
automation.link_top_led_and_switch,link top led and switch,Living Room,,automation,automation,False,False
automation.link_zoe_s_switch_with_led_controller_2,Link zoe's switch with led controller,,,automation,automation,False,False
automation.link_zoes_bedlight_and_switch,Link Zoe’s bedlight and switch,,,automation,automation,False,False
automation.low_battery_notifications_actions,Low Battery Notifications & Actions,,,automation,automation,False,False
automation.motion_turn_off_entrance_light_on_no_motion_after_5_mins,Motion turn off entrance light on no motion after 5 mins,,,automation,automation,False,False
automation.motion_turn_on_entrance_light_on_motion,Motion Turn on entrance light on motion,,,automation,automation,False,False
automation.notify_about_person_in_front,Notify about person in front,,,automation,automation,False,False
automation.notify_if_bamboo_sprinklers_run_longer,Notify if bamboo sprinklers run longer,,,automation,automation,False,False
automation.notify_if_sprinklers_border_run_longer,Notify if sprinklers border run longer,,,automation,automation,False,False
automation.notify_if_sprinklers_forest_run_long,Notify if sprinklers forest run long,Garden back,,automation,automation,False,False
automation.notify_if_sprinklers_terrace_run_for_a_long_time,Notify if sprinklers terrace run for a long time,,,automation,automation,False,False
automation.notify_on_sprinklers_down,Notify on sprinklers down,,,automation,automation,False,False
automation.notify_when_garage_door_left_open,Notify when garage door left open,,,automation,automation,False,False
automation.nowa_automatyzacja,Notify on garage door opening,,,automation,automation,False,False
automation.nowa_automatyzacja_2,Turn off Garden lamps,Garden back,,automation,automation,False,False
automation.olaf_location,Olaf location,Olaf's room,,automation,automation,False,False
automation.olaf_location_ania,Olaf Location Ania,Olaf's room,,automation,automation,False,False
automation.olaf_s_phone_battery_low_tomasz,Olaf's phone battery Low -> Tomasz,Olaf's room,,automation,automation,False,False
automation.play_relaxation_music_when_body_batter_drops_below_30,Play relaxation music when body batter drops below 30,Living Room,,automation,automation,False,False
automation.pool_filter_schedule,Pool Filter schedule,,,automation,automation,False,False
automation.powiadom_o_czlowieku_przed_domem,Powiadom o człowieku przed domem,,,automation,automation,False,False
automation.powiadom_o_czlowieku_w_wygryzku,Powiadom o człowieku w wygryzku. ,Atrium,,automation,automation,False,False
automation.powiadom_o_zwierzeciu_w_wygryzku,Powiadom o zwierzęciu w wygryzku,,,automation,automation,False,False
automation.przeanizuj_widok_z_kamery,Przeanizuj widok z kamery,,,automation,automation,False,False
automation.reboot_ha_host,Reboot HA host,,,automation,automation,False,False
automation.reset_alerts_on_alarm_disarm,Reset alerts on alarm disarm,,,automation,automation,False,False
automation.rise_screen_on_entertainment_switch,Rise screen on entertainment switch,,,automation,automation,False,False
automation.sauna_auto_off_when_the_session_ends,Sauna · auto-off when the session ends,,,automation,automation,False,False
automation.sauna_cancel_the_timer_when_turned_off_by_hand,Sauna · cancel the timer when turned off by hand,,,automation,automation,False,False
automation.sauna_re_length_a_session_already_running,Sauna · re-length a session already running,,,automation,automation,False,False
automation.sauna_start_session_timer,Sauna · start session timer,,,automation,automation,False,False
automation.set_cinema_off,Set cinema off,Living Room,,automation,automation,False,False
automation.toggle_bathroom_led,Toggle bathroom led,Bathroom,,automation,automation,False,False
automation.toggle_bathtub_light,Toggle bathtub light,Bathroom,,automation,automation,False,False
automation.toggle_bedroom_neon_on_knob_double,Toggle bedroom neon on knob double,,,automation,automation,False,False
automation.toggle_led_controller,Toggle led controller on knob,Bedroom,,automation,automation,False,False
automation.toggle_mezzanine_lights_on_stairs_run_double_click,Toggle mezzanine lights on stairs run double click,,,automation,automation,False,False
automation.toggle_table_light_on_secondary_stairs_switch,Toggle table light on secondary stairs switch,,,automation,automation,False,False
automation.toggle_table_light_on_stairs_run_second_click,Toggle table light on stairs run second click,,,automation,automation,False,False
automation.turn_all_lights_off_on_all_lights_entity,Turn all lights off on all lights entity,,,automation,automation,False,False
automation.turn_garden_lamps_on_sunset,Turn garden lamps on sunset,Garden back,,automation,automation,False,False
automation.turn_lights_after_sunset_when_alarm_armed,Turn on lights after sunset when alarm armed,,,automation,automation,False,False
automation.turn_of_closet_light_on_left_door_closing,Turn of closet light on left door closing,,,automation,automation,False,False
automation.turn_of_closet_light_on_left_door_closing_2,Turn of closet light on left door closing,Entrance,,automation,automation,False,False
automation.turn_of_closet_light_on_right_door_closing,Turn of closet light on right door closing,,,automation,automation,False,False
automation.turn_of_garage_outside_light_after_5_minutes_after_closing,Turn of garage outside light after 5 minutes after closing,,,automation,automation,False,False
automation.turn_off_bathroom_light_after_30_mins,Turn off bathroom lighta when no presence,Bathroom,,automation,automation,False,False
automation.turn_off_bed_lights_on_switch,Turn off bed lights on switch,Olaf's room,,automation,automation,False,False
automation.turn_off_bedroom_light_after_30_mins,Turn off bedroom light after 30 mins,Bedroom,,automation,automation,False,False
automation.turn_off_campfire_light_at_time,Turn off campfire light at time,,,automation,automation,False,False
automation.turn_off_christmas_tree,Turn off Christmas tree,,,automation,automation,False,False
automation.turn_off_closet_light_after_10_min,Turn off closet light after 10 min,,,automation,automation,False,False
automation.turn_off_closet_light_after_10_mins,Turn off closet light after 10 mins,Entrance,,automation,automation,False,False
automation.turn_off_garage_light_on_no_motion,Turn off garage light on no motion,,,automation,automation,False,False
automation.turn_off_garage_light_when_no_motion,Turn off garage light when no motion,,,automation,automation,False,False
automation.turn_off_garden_lights_at_midnight,Turn off garden lights at midnight,,,automation,automation,False,False
automation.turn_off_hall_led_at_sunrise,Turn off hall led at 1am,Hall,,automation,automation,False,False
automation.turn_off_hall_led_controller_on_no_motio,Turn off hall led controller on no motio ,Hall,,automation,automation,False,False
automation.turn_off_iceicles_at_11pm,Turn off iceicles at 11pm,,,automation,automation,False,False
automation.turn_off_kids_bathroom_light_after_30_mins,Turn off kids bathroom light after 30 mins,Kid's bathroom,,automation,automation,False,False
automation.turn_off_led_controllers_on_ha_start,Turn off led controllers on HA start,,,automation,automation,False,False
automation.turn_off_lights_at_midnight_when_alarm_armed,Turn off lights at midnight when alarm armed,,,automation,automation,False,False
automation.turn_off_living_room_lights_on_no_presence,Turn off living room lights on no presence,Living Room,,automation,automation,False,False
automation.turn_off_loghts_on_sleep,Turn off loghts on sleep,,,automation,automation,False,False
automation.turn_off_outside_lights_on_sunrise,Turn off outside lights at 1 am,,,automation,automation,False,False
automation.turn_off_pantry_light_after_w_minutes,Turn off pantry light after w minutes,,,automation,automation,False,False
automation.turn_off_projector_when_projector_chromecast_is_off,Turn off projector when projector chromecast is off,Living Room,,automation,automation,False,False
automation.turn_off_socket_on_drawer_close,Turn off socket on drawer close,,,automation,automation,False,False
automation.turn_off_storage_on_no_motion,Turn off storage on no motion,,,automation,automation,False,False
automation.turn_on_all_the_lights_on_all_lights_entity,Turn on all the lights on all lights entity,,,automation,automation,False,False
automation.turn_on_bed_lights_on_switch,Turn on bed lights on switch,Olaf's room,,automation,automation,False,False
automation.turn_on_campfire_light_at_sunset,Turn on campfire light at sunset,,,automation,automation,False,False
automation.turn_on_christmas_tree,Turn on Christmas tree,,,automation,automation,False,False
automation.turn_on_closet_light_in_left_door_opening,Turn on closet light in left door opening,,,automation,automation,False,False
automation.turn_on_closet_light_on_right_door_opening,Turn on closet light on right door opening,,,automation,automation,False,False
automation.turn_on_drier_when_sun_is_on,Turn on drier when sun is on,,,automation,automation,False,False
automation.turn_on_entrance_light_on_person_detected,Turn on entrance light on person detected,Entrance,,automation,automation,False,False
automation.turn_on_garage_on_motion,Turn on garage on motion,,,automation,automation,False,False
automation.turn_on_garden_lamps_when_family_enters_2,Turn on garden lamps when family enters,Garden back,,automation,automation,False,False
automation.turn_on_hall_leds_on_motion,Turn on hall leds on motion,Hall,,automation,automation,False,False
automation.turn_on_iceicles_on_sunset,Turn on iceicles on sunset,,,automation,automation,False,False
automation.turn_on_lamps_if_person_detected,Turn on lamps if person detected,Entrance,,automation,automation,False,False
automation.turn_on_music_on_wakeup,Turn on music on wakeup,,,automation,automation,False,False
automation.turn_on_outside_lights_on_sunset,Turn on outside lights on sunset,,,automation,automation,False,False
automation.turn_on_pantry_light_on_motion,Turn off pantry light when no motion,,,automation,automation,False,False
automation.turn_on_porch_on_person_detected,Turn on porch on person detected,Garden back,,automation,automation,False,False
automation.turn_on_projector_and_screen_when_chromecast_o,Turn on projector and screen when chromecast o ,Living Room,,automation,automation,False,False
automation.turn_on_projector_on_command,Turn on projector on command,,,automation,automation,False,False
automation.turn_on_socket_on_drawer_open,Turn on socket on drawer open,,,automation,automation,False,False
automation.turn_on_soundtrack_when_in_hall,Turn on soundtrack when in hall,,,automation,automation,False,False
automation.turn_on_soundtrack_when_in_living_room,Turn on soundtrack when in living room,,,automation,automation,False,False
automation.turn_on_stairs_light_on_scene_switch,Turn on stairs light on scene switch,,,automation,automation,False,False
automation.turn_on_storage_light_on_motion,Turn on storage light on motion,,,automation,automation,False,False
automation.water_border_plants,Water border plants,Garden back,,automation,automation,False,False
automation.water_fresh_lawn,Water lawn,Garden back,,automation,automation,False,False
binary_sensor.0xa4c138307eb25674_presence,Occupancy,,0xa4c138307eb25674,mqtt,binary_sensor,False,False
binary_sensor.0xa4c138d135dedc39_presence,Occupancy,Living Room,Living room presence detector,mqtt,binary_sensor,False,False
binary_sensor.0xa4c138da9dd2e3f6_presence,Occupancy,,Bathroom presence detector,mqtt,binary_sensor,False,False
binary_sensor.aircast_running,Running,,AirCast,hassio,binary_sensor,True,False
binary_sensor.ania_camera_motion,Ania Camera Motion,,Ania,mobile_app,binary_sensor,False,False
binary_sensor.ania_kiosk_mode,Ania Kiosk Mode,,Ania,mobile_app,binary_sensor,False,False
binary_sensor.appdaemon_running,Running,,AppDaemon,hassio,binary_sensor,True,False
binary_sensor.atrium_animal,Animal,Atrium,Atrium,reolink,binary_sensor,False,False
binary_sensor.atrium_motion,Motion,Atrium,Atrium,reolink,binary_sensor,False,False
binary_sensor.atrium_person,Person,Atrium,Atrium,reolink,binary_sensor,False,False
binary_sensor.atrium_vehicle,Vehicle,Atrium,Atrium,reolink,binary_sensor,False,False
binary_sensor.ba_svm_10_200_12_e_connection_state,Connection State,Storage Room,BA-SVM 10-200/12 E,myuplink,binary_sensor,False,False
binary_sensor.closet_left_door,,Entrance,Closet left door,zha,binary_sensor,False,False
binary_sensor.closet_left_door_opening,Opening,Entrance,Closet left door,zha,binary_sensor,False,False
binary_sensor.closet_right_door,,Entrance,Closet right door,zha,binary_sensor,False,False
binary_sensor.closet_right_door_opening,Opening,Entrance,Closet right door,zha,binary_sensor,False,False
binary_sensor.drawer_sensor_opening,Drawer sensor Opening,Kitchen,Drawer sensor,zha,binary_sensor,False,False
binary_sensor.drawer_sensor_opening_2,Drawer sensor Opening,Kitchen,Drawer sensor,zha,binary_sensor,False,False
binary_sensor.drzwi_lazienka_sonoff_a48001189a,drzwi lazienka,,drzwi lazienka,sonoff,binary_sensor,False,False
binary_sensor.entrance_motion_sensor_motion,Entrance Motion Sensor Motion,Entrance,Entrance Motion Sensor,zha,binary_sensor,False,False
binary_sensor.entrance_motion_sensor_opening,Entrance Motion Sensor Opening,Entrance,Entrance Motion Sensor,zha,binary_sensor,False,False
binary_sensor.ewelink_smart_home_running,Running,,eWeLink Smart Home,hassio,binary_sensor,True,False
binary_sensor.extern_adjustment_climate_system_1_43161,Extern. adjustment climate system 1 (43161),Storage Room,BA-SVM 10-200/12 E,myuplink,binary_sensor,False,False
binary_sensor.file_editor_running,Running,,File editor,hassio,binary_sensor,True,False
binary_sensor.galaxy_watch6_classic_k11d_app_inactive,Galaxy Watch6 Classic (K11D) App inactive,,Galaxy Watch6 Classic (K11D),mobile_app,binary_sensor,True,False
binary_sensor.galaxy_watch6_classic_k11d_bedtime_mode,Galaxy Watch6 Classic (K11D) Bedtime mode,,Galaxy Watch6 Classic (K11D),mobile_app,binary_sensor,True,False
binary_sensor.galaxy_watch6_classic_k11d_bluetooth_state,Galaxy Watch6 Classic (K11D) Bluetooth state,,Galaxy Watch6 Classic (K11D),mobile_app,binary_sensor,True,False
binary_sensor.galaxy_watch6_classic_k11d_device_locked,Galaxy Watch6 Classic (K11D) Device locked,,Galaxy Watch6 Classic (K11D),mobile_app,binary_sensor,True,False
binary_sensor.galaxy_watch6_classic_k11d_device_secure,Galaxy Watch6 Classic (K11D) Device secure,,Galaxy Watch6 Classic (K11D),mobile_app,binary_sensor,True,False
binary_sensor.galaxy_watch6_classic_k11d_doze_mode,Galaxy Watch6 Classic (K11D) Doze mode,,Galaxy Watch6 Classic (K11D),mobile_app,binary_sensor,True,False
binary_sensor.galaxy_watch6_classic_k11d_headphones,Galaxy Watch6 Classic (K11D) Headphones,,Galaxy Watch6 Classic (K11D),mobile_app,binary_sensor,True,False
binary_sensor.galaxy_watch6_classic_k11d_interactive,Galaxy Watch6 Classic (K11D) Interactive,,Galaxy Watch6 Classic (K11D),mobile_app,binary_sensor,True,False
binary_sensor.galaxy_watch6_classic_k11d_is_charging,Galaxy Watch6 Classic (K11D) Is charging,,Galaxy Watch6 Classic (K11D),mobile_app,binary_sensor,True,False
binary_sensor.galaxy_watch6_classic_k11d_keyguard_locked,Galaxy Watch6 Classic (K11D) Keyguard locked,,Galaxy Watch6 Classic (K11D),mobile_app,binary_sensor,True,False
binary_sensor.galaxy_watch6_classic_k11d_keyguard_secure,Galaxy Watch6 Classic (K11D) Keyguard secure,,Galaxy Watch6 Classic (K11D),mobile_app,binary_sensor,True,False
binary_sensor.galaxy_watch6_classic_k11d_mic_muted,Galaxy Watch6 Classic (K11D) Mic muted,,Galaxy Watch6 Classic (K11D),mobile_app,binary_sensor,True,False
binary_sensor.galaxy_watch6_classic_k11d_music_active,Galaxy Watch6 Classic (K11D) Music active,,Galaxy Watch6 Classic (K11D),mobile_app,binary_sensor,True,False
binary_sensor.galaxy_watch6_classic_k11d_nfc_state,Galaxy Watch6 Classic (K11D) NFC state,,Galaxy Watch6 Classic (K11D),mobile_app,binary_sensor,True,False
binary_sensor.galaxy_watch6_classic_k11d_on_body_sensor,Galaxy Watch6 Classic (K11D) On body sensor,,Galaxy Watch6 Classic (K11D),mobile_app,binary_sensor,True,False
binary_sensor.galaxy_watch6_classic_k11d_power_save,Galaxy Watch6 Classic (K11D) Power save,,Galaxy Watch6 Classic (K11D),mobile_app,binary_sensor,True,False
binary_sensor.galaxy_watch6_classic_k11d_speakerphone,Galaxy Watch6 Classic (K11D) Speakerphone,,Galaxy Watch6 Classic (K11D),mobile_app,binary_sensor,True,False
binary_sensor.galaxy_watch6_classic_k11d_theater_mode,Galaxy Watch6 Classic (K11D) Theater mode,,Galaxy Watch6 Classic (K11D),mobile_app,binary_sensor,True,False
binary_sensor.galaxy_watch6_classic_k11d_wet_mode,Galaxy Watch6 Classic (K11D) Wet mode,,Galaxy Watch6 Classic (K11D),mobile_app,binary_sensor,True,False
binary_sensor.galaxy_watch6_classic_k11d_wi_fi_state,Galaxy Watch6 Classic (K11D) Wi-Fi state,,Galaxy Watch6 Classic (K11D),mobile_app,binary_sensor,True,False
binary_sensor.garage_door_sensor_opening,,Garage,Garage door sensor,zha,binary_sensor,False,False
binary_sensor.garage_door_sensor_opening_2,Opening,Garage,Garage door sensor,zha,binary_sensor,False,False
binary_sensor.garage_motion_sensor_motion_2,,Garage,Garage motion sensor,zha,binary_sensor,False,False
binary_sensor.hall_motion_sensor,,Hall,Hall motion sensor,zha,binary_sensor,False,False
binary_sensor.hall_motion_sensor_opening,Opening,Hall,Hall motion sensor,zha,binary_sensor,False,False
binary_sensor.herunohazumi_gmail_com_mop_attached,Mop attached,Living Room,herunohazumi@gmail.com,ecovacs,binary_sensor,False,False
binary_sensor.herunohazumi_gmail_com_mop_attached_2,Mop attached,,herunohazumi@gmail.com,ecovacs,binary_sensor,False,False
binary_sensor.herunohazumi_subscribed_to_playstation_plus,Subscribed to PlayStation Plus,Mezzanine,herunohazumi,playstation_network,binary_sensor,False,False
binary_sensor.home_assistant_google_drive_backup_running,Running,,Home Assistant Google Drive Backup,hassio,binary_sensor,True,False
binary_sensor.hot_tub_heating,Hot tub heating,,,template,binary_sensor,False,False
binary_sensor.hub_sonoff_100103620a_zled,Hub Zled,,Hub,sonoff,binary_sensor,True,False
binary_sensor.immich_running,Running,,Immich,hassio,binary_sensor,True,False
binary_sensor.ipad_focus,iPad Focus,,iPad,mobile_app,binary_sensor,False,False
binary_sensor.ipad_tomasz_focus,iPad (Tomasz) Focus,,iPad (Tomasz),mobile_app,binary_sensor,False,False
binary_sensor.iphone_anna_focus,iPhone (Anna) Focus,,iPhone (Anna),mobile_app,binary_sensor,False,False
binary_sensor.iphone_anna_kiosk_mode,iPhone (Anna) Kiosk Mode,,iPhone (Anna),mobile_app,binary_sensor,False,False
binary_sensor.iphone_tomasz_focus,iPhone (Tomasz) Focus,Zoe's Room,iPhone (Tomasz),mobile_app,binary_sensor,False,False
binary_sensor.layzspa_gotowosc,Gotowość,,layzspa,mqtt,binary_sensor,False,False
binary_sensor.layzspa_grzalka,Grzałka,,layzspa,mqtt,binary_sensor,False,False
binary_sensor.layzspa_lock,Lock,,layzspa,mqtt,binary_sensor,False,False
binary_sensor.layzspa_polaczenie,Połączenie,,layzspa,mqtt,binary_sensor,False,False
binary_sensor.layzspa_vtcal,VTCAL,,layzspa,mqtt,binary_sensor,False,False
binary_sensor.main_entrance_doorbell_motion,Motion,Entrance,Main Entrance Doorbell,reolink,binary_sensor,False,False
binary_sensor.main_entrance_doorbell_person,Person,Entrance,Main Entrance Doorbell,reolink,binary_sensor,False,False
binary_sensor.main_entrance_doorbell_pet,Pet,Entrance,Main Entrance Doorbell,reolink,binary_sensor,False,False
binary_sensor.main_entrance_doorbell_vehicle,Vehicle,Entrance,Main Entrance Doorbell,reolink,binary_sensor,False,False
binary_sensor.main_entrance_doorbell_visitor,Visitor,Entrance,Main Entrance Doorbell,reolink,binary_sensor,False,False
binary_sensor.mosquitto_broker_running,Running,,Mosquitto broker,hassio,binary_sensor,True,False
binary_sensor.music_assistant_server_running,Running,,Music Assistant,hassio,binary_sensor,True,False
binary_sensor.music_connected,Connected,,Music,hassio,binary_sensor,True,False
binary_sensor.pantry_motion_sensor_motion,Pantry motion sensor Motion,Pantry,Pantry motion sensor,zha,binary_sensor,False,False
binary_sensor.pantry_motion_sensor_opening_2,Pantry motion sensor Opening,Pantry,Pantry motion sensor,zha,binary_sensor,False,False
binary_sensor.piekarnik_child_lock,Child lock,Kitchen,Piekarnik,smartthings,binary_sensor,False,False
binary_sensor.piekarnik_door,Door,Kitchen,Piekarnik,smartthings,binary_sensor,False,False
binary_sensor.piekarnik_remote_control,Remote control,Kitchen,Piekarnik,smartthings,binary_sensor,False,False
binary_sensor.piekarnik_second_cavity_status,Second cavity status,Kitchen,Piekarnik,smartthings,binary_sensor,False,False
binary_sensor.plpc018984_active,PLPC018984 Active,,PLPC018984,mobile_app,binary_sensor,False,False
binary_sensor.plpc018984_active_2,PLPC018984 Active,,PLPC018984,mobile_app,binary_sensor,False,False
binary_sensor.plpc018984_audio_input_in_use,PLPC018984 Audio Input In Use,,PLPC018984,mobile_app,binary_sensor,False,False
binary_sensor.plpc018984_audio_input_in_use_2,PLPC018984 Audio Input In Use,,PLPC018984,mobile_app,binary_sensor,False,False
binary_sensor.plpc018984_audio_output_in_use,PLPC018984 Audio Output In Use,,PLPC018984,mobile_app,binary_sensor,False,False
binary_sensor.plpc018984_audio_output_in_use_2,PLPC018984 Audio Output In Use,,PLPC018984,mobile_app,binary_sensor,False,False
binary_sensor.plpc018984_camera_in_use,PLPC018984 Camera In Use,,PLPC018984,mobile_app,binary_sensor,False,False
binary_sensor.plpc018984_camera_in_use_2,PLPC018984 Camera In Use,,PLPC018984,mobile_app,binary_sensor,False,False
binary_sensor.plpc018984_focus,PLPC018984 Focus,,PLPC018984,mobile_app,binary_sensor,False,False
binary_sensor.plpc018984_focus_2,PLPC018984 Focus,,PLPC018984,mobile_app,binary_sensor,False,False
binary_sensor.plplpc01112221_active,PLPLPC01112221 Active,,PLPC018984,mobile_app,binary_sensor,False,False
binary_sensor.plplpc01112221_audio_input_in_use,PLPLPC01112221 Audio Input In Use,,PLPC018984,mobile_app,binary_sensor,False,False
binary_sensor.plplpc01112221_audio_output_in_use,PLPLPC01112221 Audio Output In Use,,PLPC018984,mobile_app,binary_sensor,False,False
binary_sensor.plplpc01112221_camera_in_use,PLPLPC01112221 Camera In Use,,PLPC018984,mobile_app,binary_sensor,False,False
binary_sensor.plplpc01112221_focus,PLPLPC01112221 Focus,,PLPC018984,mobile_app,binary_sensor,False,False
binary_sensor.pralka_child_lock,Child lock,Storage Room,Pralka,smartthings,binary_sensor,False,False
binary_sensor.pralka_power,Power,Storage Room,Pralka,smartthings,binary_sensor,False,False
binary_sensor.pralka_remote_control,Remote control,Storage Room,Pralka,smartthings,binary_sensor,False,False
binary_sensor.radarr_health,Health,Living Room,Radarr,radarr,binary_sensor,False,False
binary_sensor.remote_ui,Remote UI,,,cloud,binary_sensor,False,False
binary_sensor.rpi_power_status,RPi Power status,,,rpi_power,binary_sensor,False,False
binary_sensor.ruch_lazienka_sonoff_a48001189b,Ruch lazienka ,,Ruch lazienka ,sonoff,binary_sensor,False,False
binary_sensor.samba_share_running,Running,,Samba share,hassio,binary_sensor,True,False
binary_sensor.sauna_heating,Sauna heating,,,template,binary_sensor,False,False
binary_sensor.slave_1_eb101_charge_pump_eb101_gp12_49996,Slave 1 (EB101) Charge pump (EB101-GP12) (49996),Storage Room,BA-SVM 10-200/12 E,myuplink,binary_sensor,False,False
binary_sensor.slave_1_eb101_defrosting_eb101_ep14_44703,Slave 1 (EB101) Defrosting (EB101-EP14) (44703),Storage Room,BA-SVM 10-200/12 E,myuplink,binary_sensor,False,False
binary_sensor.sm_a415f_android_auto,SM-A415F Android Auto,,SM-A415F,mobile_app,binary_sensor,True,False
binary_sensor.sm_a415f_app_inactive,SM-A415F App inactive,,SM-A415F,mobile_app,binary_sensor,True,False
binary_sensor.sm_a415f_bluetooth_state,SM-A415F Bluetooth state,,SM-A415F,mobile_app,binary_sensor,True,False
binary_sensor.sm_a415f_device_locked,SM-A415F Device locked,,SM-A415F,mobile_app,binary_sensor,False,False
binary_sensor.sm_a415f_device_secure,SM-A415F Device secure,,SM-A415F,mobile_app,binary_sensor,True,False
binary_sensor.sm_a415f_doze_mode,SM-A415F Doze mode,,SM-A415F,mobile_app,binary_sensor,True,False
binary_sensor.sm_a415f_headphones,SM-A415F Headphones,,SM-A415F,mobile_app,binary_sensor,True,False
binary_sensor.sm_a415f_high_accuracy_mode,SM-A415F High accuracy mode,,SM-A415F,mobile_app,binary_sensor,True,False
binary_sensor.sm_a415f_hotspot_state,SM-A415F Hotspot state,,SM-A415F,mobile_app,binary_sensor,True,False
binary_sensor.sm_a415f_interactive,SM-A415F Interactive,,SM-A415F,mobile_app,binary_sensor,True,False
binary_sensor.sm_a415f_is_charging,SM-A415F Is charging,,SM-A415F,mobile_app,binary_sensor,True,False
binary_sensor.sm_a415f_keyguard_locked,SM-A415F Keyguard locked,,SM-A415F,mobile_app,binary_sensor,True,False
binary_sensor.sm_a415f_keyguard_secure,SM-A415F Keyguard secure,,SM-A415F,mobile_app,binary_sensor,True,False
binary_sensor.sm_a415f_mic_muted,SM-A415F Mic muted,,SM-A415F,mobile_app,binary_sensor,True,False
binary_sensor.sm_a415f_mobile_data,SM-A415F Mobile data,,SM-A415F,mobile_app,binary_sensor,True,False
binary_sensor.sm_a415f_mobile_data_roaming,SM-A415F Mobile data roaming,,SM-A415F,mobile_app,binary_sensor,True,False
binary_sensor.sm_a415f_music_active,SM-A415F Music active,,SM-A415F,mobile_app,binary_sensor,True,False
binary_sensor.sm_a415f_nfc_state,SM-A415F NFC state,,SM-A415F,mobile_app,binary_sensor,True,False
binary_sensor.sm_a415f_power_save,SM-A415F Power save,,SM-A415F,mobile_app,binary_sensor,True,False
binary_sensor.sm_a415f_speakerphone,SM-A415F Speakerphone,,SM-A415F,mobile_app,binary_sensor,True,False
binary_sensor.sm_a415f_wifi_state,SM-A415F WiFi state,,SM-A415F,mobile_app,binary_sensor,False,False
binary_sensor.sm_a415f_work_profile,SM-A415F Work profile,,SM-A415F,mobile_app,binary_sensor,True,False
binary_sensor.sm_s921b_android_auto,SM-S921B Android Auto,,SM-S921B,mobile_app,binary_sensor,False,False
binary_sensor.sm_s921b_app_inactive,SM-S921B App inactive,,SM-S921B,mobile_app,binary_sensor,False,False
binary_sensor.sm_s921b_bluetooth_state,SM-S921B Bluetooth state,,SM-S921B,mobile_app,binary_sensor,False,False
binary_sensor.sm_s921b_device_locked,SM-S921B Device locked,,SM-S921B,mobile_app,binary_sensor,True,False
binary_sensor.sm_s921b_device_secure,SM-S921B Device secure,,SM-S921B,mobile_app,binary_sensor,True,False
binary_sensor.sm_s921b_doze_mode,SM-S921B Doze mode,,SM-S921B,mobile_app,binary_sensor,False,False
binary_sensor.sm_s921b_headphones,SM-S921B Headphones,,SM-S921B,mobile_app,binary_sensor,True,False
binary_sensor.sm_s921b_high_accuracy_mode,SM-S921B High accuracy mode,,SM-S921B,mobile_app,binary_sensor,True,False
binary_sensor.sm_s921b_hotspot_state,SM-S921B Hotspot state,,SM-S921B,mobile_app,binary_sensor,True,False
binary_sensor.sm_s921b_interactive,SM-S921B Interactive,,SM-S921B,mobile_app,binary_sensor,False,False
binary_sensor.sm_s921b_is_charging,SM-S921B Is charging,,SM-S921B,mobile_app,binary_sensor,False,False
binary_sensor.sm_s921b_keyguard_locked,SM-S921B Keyguard locked,,SM-S921B,mobile_app,binary_sensor,True,False
binary_sensor.sm_s921b_keyguard_secure,SM-S921B Keyguard secure,,SM-S921B,mobile_app,binary_sensor,True,False
binary_sensor.sm_s921b_mic_muted,SM-S921B Mic muted,,SM-S921B,mobile_app,binary_sensor,True,False
binary_sensor.sm_s921b_mobile_data,SM-S921B Mobile data,,SM-S921B,mobile_app,binary_sensor,True,False
binary_sensor.sm_s921b_mobile_data_roaming,SM-S921B Mobile data roaming,,SM-S921B,mobile_app,binary_sensor,True,False
binary_sensor.sm_s921b_music_active,SM-S921B Music active,,SM-S921B,mobile_app,binary_sensor,False,False
binary_sensor.sm_s921b_nfc_state,SM-S921B NFC state,,SM-S921B,mobile_app,binary_sensor,False,False
binary_sensor.sm_s921b_power_save,SM-S921B Power save,,SM-S921B,mobile_app,binary_sensor,False,False
binary_sensor.sm_s921b_speakerphone,SM-S921B Speakerphone,,SM-S921B,mobile_app,binary_sensor,True,False
binary_sensor.sm_s921b_wifi_state,SM-S921B Wi-Fi state,,SM-S921B,mobile_app,binary_sensor,True,False
binary_sensor.sm_s921b_work_profile,SM-S921B Work profile,,SM-S921B,mobile_app,binary_sensor,False,False
binary_sensor.spotify_connect_running,Running,,Spotify Connect,hassio,binary_sensor,True,False
binary_sensor.starlink_connectivity,Connectivity,Garden back,Starlink,starlink,binary_sensor,False,False
binary_sensor.starlink_ethernet_speeds,Ethernet speeds,Garden back,Starlink,starlink,binary_sensor,False,False
binary_sensor.starlink_heating,Heating,Garden back,Starlink,starlink,binary_sensor,False,False
binary_sensor.starlink_mast_near_vertical,Mast near vertical,Garden back,Starlink,starlink,binary_sensor,False,False
binary_sensor.starlink_motors_stuck,Motors stuck,Garden back,Starlink,starlink,binary_sensor,False,False
binary_sensor.starlink_obstructed,Obstructed,Garden back,Starlink,starlink,binary_sensor,False,False
binary_sensor.starlink_roaming_mode,Roaming mode,Garden back,Starlink,starlink,binary_sensor,False,False
binary_sensor.starlink_sleep,Sleep,Garden back,Starlink,starlink,binary_sensor,False,False
binary_sensor.starlink_thermal_throttle,Thermal throttle,Garden back,Starlink,starlink,binary_sensor,False,False
binary_sensor.starlink_unexpected_location,Unexpected location,Garden back,Starlink,starlink,binary_sensor,False,False
binary_sensor.starlink_update,Update,Garden back,Starlink,starlink,binary_sensor,False,False
binary_sensor.storage_motion_detector_motion,,Storage Room,Storage Motion detector,zha,binary_sensor,False,False
binary_sensor.storage_motion_detector_opening,Opening,Storage Room,Storage Motion detector,zha,binary_sensor,False,False
binary_sensor.sun_solar_rising,Solar rising,,Sun,sun,binary_sensor,True,False
binary_sensor.suszarka_child_lock,Child lock,Storage Room,Suszarka,smartthings,binary_sensor,False,False
binary_sensor.suszarka_power,Power,Storage Room,Suszarka,smartthings,binary_sensor,False,False
binary_sensor.suszarka_remote_control,Remote control,Storage Room,Suszarka,smartthings,binary_sensor,False,False
binary_sensor.suszarka_wrinkle_prevent_active,Wrinkle prevent active,Storage Room,Suszarka,smartthings,binary_sensor,False,False
binary_sensor.terminal_ssh_running,Running,,Terminal & SSH,hassio,binary_sensor,True,False
binary_sensor.tz3000_6ygjfyll_ts0202_opening,Opening,Garage,Garage motion sensor,zha,binary_sensor,False,False
binary_sensor.vision_m_1_charging,Charging,Garden back,Vision M 1,landroid_cloud,binary_sensor,False,False
binary_sensor.vision_m_1_rain_sensor,Rain sensor,Garden back,Vision M 1,landroid_cloud,binary_sensor,True,False
binary_sensor.vision_m_charging,Charging,Garden back,Vision Tyl,landroid_cloud,binary_sensor,False,False
binary_sensor.vision_m_rain_sensor,Rain sensor,Garden back,Vision Tyl,landroid_cloud,binary_sensor,True,False
binary_sensor.zigbee2mqtt_bridge_connection_state,Connection state,,Zigbee2MQTT Bridge,mqtt,binary_sensor,False,False
binary_sensor.zigbee2mqtt_bridge_restart_required,Restart required,,Zigbee2MQTT Bridge,mqtt,binary_sensor,True,False
binary_sensor.zigbee2mqtt_running,Running,,Zigbee2MQTT,hassio,binary_sensor,False,False
button.all_speakers_airplay_favourite_current_song,Favourite current song,,All speakers+ (AirPlay),music_assistant,button,False,False
button.all_speakers_favourite_current_song,Favourite current song,,All speakers,music_assistant,button,False,False
button.all_speakers_no_kids_airplay_favourite_current_song,Favourite current song,,All speakers no kids+,music_assistant,button,False,False
button.all_speakers_no_kids_favourite_current_song,Favourite current song,,All speakers no kids,music_assistant,button,False,False
button.annas_macbook_favourite_current_song,Favourite current song,,Anna’s MacBook,music_assistant,button,False,False
button.atrium_ceiling_socket_identify,Atrium ceiling socket Identify,Garden back,Atrium ceiling socket,zha,button,False,False
button.atrium_restart,Restart,Atrium,Atrium,reolink,button,True,False
button.bathroom_favourite_current_song,Favourite current song,,Bathroom,music_assistant,button,False,False
button.bathroom_led_controller_identify,Identify,Bathroom,Bathroom Led controller,zha,button,False,False
button.bathroom_sink_switch_identify_2,Bathroom Sink switch Identify,Bathroom,Bathroom Sink switch,zha,button,False,False
button.beam_led_controller_identify_7,Identify,Living Room,Beam led controller,zha,button,False,False
button.bedroom_led_controller_identify_4,Identify,Bedroom,Bedroom Led controller,zha,button,False,False
button.cabinet_led_controller_identify_3,Identify,Kitchen,Cabinet led controller,zha,button,False,False
button.cabinet_switch_identify_2,Cabinet Switch Identify,Kitchen,Cabinet Switch,zha,button,False,False
button.chromecast4371_favourite_current_song,Favourite current song,,Chromecast4371,music_assistant,button,False,False
button.chromecast5862_favourite_current_song,Favourite current song,,Chromecast5862,music_assistant,button,False,False
button.chromecast_favourite_current_song,Favourite current song,,Chromecast,music_assistant,button,False,False
button.closet_left_door_identify,Identify,Entrance,Closet left door,zha,button,False,False
button.closet_right_door_identify,Identify,Entrance,Closet right door,zha,button,False,False
button.drawer_sensor_identify,Drawer sensor Identify,Kitchen,Drawer sensor,zha,button,False,False
button.entertainment_switch_identify_3,entertainment switch Identify,Living Room,entertainment switch,zha,button,False,False
button.entrance_motion_sensor_identify,Entrance Motion Sensor Identify,Entrance,Entrance Motion Sensor,zha,button,False,False
button.entrance_outside_light_identify,Entrance Outside light Identify,Entrance,Entrance Outside light,zha,button,False,False
button.gable_wall_lights_switch_identify_2,Gable wall lights switch Identify,Kitchen,Gable wall lights switch,zha,button,False,False
button.garage_door_sensor_identify,Identify,Garage,Garage door sensor,zha,button,False,False
button.garage_light_switch_identify_3,Garage light switch Identify,Garage,Garage light switch,zha,button,False,False
button.garden_favourite_current_song,Favourite current song,,Garden,music_assistant,button,False,False
button.garden_favourite_current_song_2,Favourite current song,,Garden+ (AirPlay),music_assistant,button,False,False
button.googletv9526_favourite_current_song,Favourite current song,,GoogleTV9526,music_assistant,button,False,False
button.hall_favourite_current_song,Favourite current song,,Hall,music_assistant,button,False,False
button.hall_favourite_current_song_2,Favourite current song,,Hall+,music_assistant,button,False,False
button.hall_led_controller_identify_8,Identify,Hall,Hall led controller,zha,button,False,False
button.hall_main_light_switch_identify_2,Hall main light switch Identify,Hall,Hall main light switch,zha,button,False,False
button.hall_motion_sensor_identify,Identify,Hall,Hall motion sensor,zha,button,False,False
button.herunohazumi_gmail_com_relocate,Relocate,Living Room,herunohazumi@gmail.com,ecovacs,button,False,False
button.herunohazumi_gmail_com_relocate_2,Relocate,,herunohazumi@gmail.com,ecovacs,button,False,False
button.herunohazumi_gmail_com_reset_filter_lifespan,Reset filter lifespan,Living Room,herunohazumi@gmail.com,ecovacs,button,True,False
button.herunohazumi_gmail_com_reset_filter_lifespan_2,Reset filter lifespan,,herunohazumi@gmail.com,ecovacs,button,True,False
button.herunohazumi_gmail_com_reset_main_brush_lifespan,Reset main brush lifespan,Living Room,herunohazumi@gmail.com,ecovacs,button,True,False
button.herunohazumi_gmail_com_reset_main_brush_lifespan_2,Reset main brush lifespan,,herunohazumi@gmail.com,ecovacs,button,True,False
button.herunohazumi_gmail_com_reset_side_brush_lifespan,Reset side brush lifespan,Living Room,herunohazumi@gmail.com,ecovacs,button,True,False
button.herunohazumi_gmail_com_reset_side_brush_lifespan_2,Reset side brush lifespan,,herunohazumi@gmail.com,ecovacs,button,True,False
button.herunohazumi_gmail_com_reset_unit_care_lifespan,Reset unit care lifespan,,herunohazumi@gmail.com,ecovacs,button,True,False
button.island_and_sofa_switch_identify_3,Island and sofa switch Identify,Kitchen,Island and sofa switch,zha,button,False,False
button.island_switch_identify_2,Island switch Identify,Kitchen,Island switch,zha,button,False,False
button.kids_bathroom_favourite_current_song,Favourite current song,,Bedroom,music_assistant,button,False,False
button.kids_bathroom_favourite_current_song_2,Favourite current song,,Kids bathroom+,music_assistant,button,False,False
button.kids_bathroom_led_controller_identify_9,Identify,Kid's bathroom,Kids bathroom Led controller,zha,button,False,False
button.kids_speakers_favourite_current_song,Favourite current song,,Kids’ speakers,music_assistant,button,False,False
button.kids_speakers_favourite_current_song_2,Favourite current song,,Kids’ speakers+,music_assistant,button,False,False
button.kitchen_outside_light_switch_identify_2,Kitchen Outside light switch Identify,Kitchen,Kitchen Outside light switch,zha,button,False,False
button.knob_identify,Knob Identify,Bedroom,Knob,zha,button,False,False
button.layzspa_reset_czyszczenia_filtra,Reset czyszczenia filtra,,layzspa,mqtt,button,False,False
button.layzspa_reset_licznika_chloru,Reset licznika chloru,,layzspa,mqtt,button,False,False
button.layzspa_reset_plukania_filtra,Reset płukania filtra,,layzspa,mqtt,button,False,False
button.layzspa_reset_wymiany_filtra,Reset wymiany filtra,,layzspa,mqtt,button,False,False
button.layzspa_restart_esp,Restart ESP,,layzspa,mqtt,button,False,False
button.ledvance_plug_compact_eu_em_t_identify,Identify,Atrium,Plug jacuzzi,zha,button,False,False
button.living_room_and_garden_favourite_current_song,Favourite current song,,Living room and garden,music_assistant,button,False,False
button.living_room_and_garden_favourite_current_song_2,Favourite current song,,Living room and garden+,music_assistant,button,False,False
button.living_room_and_outside_airplay_favourite_current_song,Favourite current song,,Living room and outside+ (AirPlay),music_assistant,button,False,False
button.living_room_and_outside_favourite_current_song,Favourite current song,,Living room and outside,music_assistant,button,False,False
button.living_room_and_outside_favourite_current_song_2,Favourite current song,,Living room and outside+,music_assistant,button,False,False
button.living_room_and_outside_favourite_current_song_3,Favourite current song,,Living room and outside+,music_assistant,button,False,False
button.living_room_favourite_current_song,Favourite current song,,Living Room,music_assistant,button,False,False
button.living_room_favourite_current_song_2,Favourite current song,,Living Room+,music_assistant,button,False,False
button.living_room_leds_switch_identify_2,Living room Leds switch Identify,Living Room,Living room Leds switch,zha,button,False,False
button.living_room_speakers_favourite_current_song,Favourite current song,,Living room speakers,music_assistant,button,False,False
button.living_room_speakers_favourite_current_song_2,Favourite current song,,Living room speakers+,music_assistant,button,False,False
button.main_entrance_doorbell_restart,Restart,Entrance,Main Entrance Doorbell,reolink,button,True,False
button.main_light_switch_stairs_identify_3,Main light switch stairs Identify,Mezzanine,Main light switch stairs,zha,button,False,False
button.neon_identify,Neon Identify,Bedroom,Neon,zha,button,False,False
button.olaf_led_controller_identify_5,Identify,Olaf's room,Olaf Led controller,zha,button,False,False
button.olaf_s_main_light_switch_identify,Olaf's main light switch Identify,Olaf's room,Olaf's main light switch,zha,button,False,False
button.olaf_s_speaker_favourite_current_song,Favourite current song,,Olaf's speaker,music_assistant,button,False,False
button.pantry_motion_sensor_identify_2,Pantry motion sensor Identify,Pantry,Pantry motion sensor,zha,button,False,False
button.piekarnik_stop,Stop,Kitchen,Piekarnik,smartthings,button,False,False
button.plpc018984_favourite_current_song,Favourite current song,,PLPC018984,music_assistant,button,False,False
button.pool_filter_identify,Identify,Garden back,Pool filter,zha,button,False,False
button.porch_led_1_corner_identify,Identify,Garden back,Porch Led 1 corner,zha,button,False,False
button.porch_led_2_hs_identify,Porch led 2 hs Identify,Garden back,Porch led 2 hs,zha,button,False,False
button.porch_led_3_swing_identify,Identify,Garden back,Porch led 3 swing,zha,button,False,False
button.porch_led_4_atrium_identify,Porch led 4 atrium Identify,Garden back,Porch led 4 atrium,zha,button,False,False
button.porch_led_5_hottub_identify,Porch Led 5 hottub Identify,Garden back,Porch Led 5 hottub,zha,button,False,False
button.projector_favourite_current_song,Favourite current song,,Projector,music_assistant,button,False,False
button.projector_socket_identify,Identify,,Projector socket,mqtt,button,False,False
button.slave_hall_switch_bedrooms_identify,Slave hall switch bedrooms Identify,Hall,Slave hall switch bedrooms,zha,button,False,False
button.smart_tv_pro_favourite_current_song_2,Favourite current song,,Smart TV Pro,music_assistant,button,False,False
button.smart_tv_pro_identify,Smart TV Pro Identify,Mezzanine,Smart TV Pro,homekit_controller,button,False,False
button.starlink_restart,Restart,Garden back,Starlink,starlink,button,False,False
button.storage_motion_detector_identify,Identify,Storage Room,Storage Motion detector,zha,button,False,False
button.top_led_controller_identify_6,Identify,Living Room,Top led controller,zha,button,False,False
button.tv_favourite_current_song,Favourite current song,,TV,music_assistant,button,False,False
button.tv_favourite_current_song_2,Favourite current song,,TV+,music_assistant,button,False,False
button.tz3000_6ygjfyll_ts0202_identify,Identify,Garage,Garage motion sensor,zha,button,False,False
button.tz3000_cauq1okq_ts0002_identify,Identify,Hall,Hall stairs switch slave,zha,button,False,False
button.tz3000_cauq1okq_ts0002_identify_2,Identify,Hall,Hall entrance rooms switches slave,zha,button,False,False
button.tz3000_cauq1okq_ts0002_identify_3,Identify,Hall,Hall Storage switches slave,zha,button,False,False
button.tz3000_fihacou0_ts0001_identify,Identify,Storage Room,Storage Main light switch,zha,button,False,False
button.tz3000_j0ktmul1_ts011f_identify,Identify,Garden back,Sprinklers,zha,button,False,False
button.tz3000_kflqsrse_ts0003_identify_2,Identify,Mezzanine,Mezzanine Main light switch,zha,button,False,False
button.tz3000_kqvb5akv_ts0001_identify,Identify,Garden back,Garden lamps,zha,button,False,False
button.tz3000_ptjcjise_ts0002_identify_2,Identify,Zoe's Room,Zoe’s outside light switch,zha,button,False,False
button.tz3000_rxlv8md7_ts0001_identify,Identify,Garden back,Lamp switch,zha,button,False,False
button.tz3210_amleyeej_ts0501b_identify,Identify,Garden back,Extender,zha,button,False,False
button.vision_m_1_edge_cut,Edge cut,Garden back,Vision M 1,landroid_cloud,button,True,False
button.vision_m_1_reset_battery_cycles,Reset battery cycles,Garden back,Vision M 1,landroid_cloud,button,True,False
button.vision_m_1_reset_blade_runtime,Reset blade runtime,Garden back,Vision M 1,landroid_cloud,button,True,False
button.vision_m_edge_cut,Edge cut,Garden back,Vision Tyl,landroid_cloud,button,True,False
button.vision_m_reset_battery_cycles,Reset battery cycles,Garden back,Vision Tyl,landroid_cloud,button,True,False
button.vision_m_reset_blade_runtime,Reset blade runtime,Garden back,Vision Tyl,landroid_cloud,button,True,False
button.zha_entrance_lights_identify,Zha Entrance lights Identify,Entrance,Zha Entrance lights,zha,button,False,False
button.zha_s_entrance_lights_identify_2,Zha (S) Entrance lights Identify,Entrance,Zha (S) Entrance lights,zha,button,False,False
button.zigbee2mqtt_bridge_restart,Restart,,Zigbee2MQTT Bridge,mqtt,button,False,False
button.zoe_s_led_controller_identify_2,Identify,Zoe's Room,Zoe’s Led controller,zha,button,False,False
button.zoe_s_main_light_switch_identify,Zoe's main light switch Identify,Zoe's Room,Zoe's main light switch,zha,button,False,False
button.zoe_s_speaker_favourite_current_song,Favourite current song,,Zoe's speaker,music_assistant,button,False,False
calendar.do_ugotowania,Do ugotowania,,,todoist,calendar,False,False
calendar.domowe,Domowe,,,todoist,calendar,False,False
calendar.inbox,Inbox,,,todoist,calendar,False,False
calendar.inbox_2,Inbox,,,todoist,calendar,False,False
calendar.lista_zakupow,Lista zakupów,,,todoist,calendar,False,False
calendar.lista_zakupow_2,Lista zakupów,,,todoist,calendar,False,False
calendar.ogrod,Ogrod,,,todoist,calendar,False,False
calendar.ogrod_2,Ogrod,,,todoist,calendar,False,False
calendar.radarr,,Living Room,Radarr,radarr,calendar,False,False
calendar.regular_tasks,Regular tasks,,,todoist,calendar,False,False
calendar.regular_tasks_2,Regular tasks,,,todoist,calendar,False,False
camera.atrium_clear,Clear,Atrium,Atrium,reolink,camera,True,False
camera.atrium_fluent,Fluent,Atrium,Atrium,reolink,camera,False,False
camera.atrium_snapshots_clear,Snapshots clear,Atrium,Atrium,reolink,camera,True,False
camera.atrium_snapshots_fluent,Snapshots fluent,Atrium,Atrium,reolink,camera,True,False
camera.main_entrance_doorbell_clear,Clear,Entrance,Main Entrance Doorbell,reolink,camera,True,False
camera.main_entrance_doorbell_fluent,Fluent,Entrance,Main Entrance Doorbell,reolink,camera,False,False
camera.main_entrance_doorbell_snapshots_clear,Snapshots clear,Entrance,Main Entrance Doorbell,reolink,camera,True,False
camera.main_entrance_doorbell_snapshots_fluent,Snapshots fluent,Entrance,Main Entrance Doorbell,reolink,camera,True,False
climate.layzspa_sterowanie_temperatura,Sterowanie temperaturą,,layzspa,mqtt,climate,False,False
climate.nspanel_sonoff_1002656e12,NSPanel,,NSPanel,sonoff,climate,False,False
climate.sauna,My saunaBox (saunaBox#thermostat),Garden back,My saunaBox,blebox,climate,False,False
conversation.google_ai_conversation,Google AI Conversation,,Google AI Conversation,google_generative_ai_conversation,conversation,False,False
device_tracker.ania,Ania,,Ania,mobile_app,device_tracker,False,False
device_tracker.dp_2_0_tovjx577523_0c3a,,,DP_2_0_TOVJX577523  0C3A,ibeacon,device_tracker,False,False
device_tracker.galaxy_watch6_classic_k11d,Galaxy Watch6 Classic (K11D),,Galaxy Watch6 Classic (K11D),mobile_app,device_tracker,False,False
device_tracker.ipad,iPad,,iPad,mobile_app,device_tracker,False,False
device_tracker.ipad_tomasz_2,iPad (Tomasz),,iPad (Tomasz),mobile_app,device_tracker,False,False
device_tracker.iphone_anna,iPhone (Anna),,iPhone (Anna),mobile_app,device_tracker,False,False
device_tracker.iphone_tomasz,iPhone (Tomasz),Zoe's Room,iPhone (Tomasz),mobile_app,device_tracker,False,False
device_tracker.plpc018984,PLPC018984,,PLPC018984,mobile_app,device_tracker,False,False
device_tracker.plpc018984_2,PLPC018984,,PLPC018984,mobile_app,device_tracker,False,False
device_tracker.plplpc01112221,PLPC018984,,PLPC018984,mobile_app,device_tracker,False,False
device_tracker.sm_a415f,SM-A415F,,SM-A415F,mobile_app,device_tracker,False,False
device_tracker.sm_s921b,SM-S921B,,SM-S921B,mobile_app,device_tracker,False,False
device_tracker.starlink_device_location,Device location,Garden back,Starlink,starlink,device_tracker,False,False
event.backup_automatic_backup,Automatic backup,,Backup,backup,event,False,False
event.herunohazumi_gmail_com_last_job,Last job,Living Room,herunohazumi@gmail.com,ecovacs,event,False,False
event.herunohazumi_gmail_com_last_job_2,Last job,,herunohazumi@gmail.com,ecovacs,event,False,False
fan.fan,,Living Room,Fan,tuya,fan,False,False
image.herunohazumi_avatar,Avatar,Mezzanine,herunohazumi,playstation_network,image,False,False
image.herunohazumi_gmail_com_map,Map,Living Room,herunohazumi@gmail.com,ecovacs,image,False,False
image.herunohazumi_gmail_com_map_2,Map,,herunohazumi@gmail.com,ecovacs,image,False,False
image.herunohazumi_now_playing,Now playing,Mezzanine,herunohazumi,playstation_network,image,False,False
image.herunohazumi_share_profile,Share profile,Mezzanine,herunohazumi,playstation_network,image,False,False
input_boolean.alarm_armed,Alarm armed,,,input_boolean,input_boolean,False,False
input_boolean.all_lights,All lights,,,input_boolean,input_boolean,False,False
input_boolean.bedroom_occupied,Bedroom_occupied,,,input_boolean,input_boolean,False,False
input_boolean.cinema,Cinema,,,input_boolean,input_boolean,False,False
input_boolean.disable_motion_sensors,Disable garden motion sensors,,,input_boolean,input_boolean,False,False
input_boolean.dismiss_notifications,Dismiss notifications,,,input_boolean,input_boolean,False,False
input_boolean.hall_entrance_lights_switching,Hall entrance lights switching,,,input_boolean,input_boolean,False,False
input_boolean.hall_rooms_switching,Hall rooms switching,,,input_boolean,input_boolean,False,False
input_boolean.in_jacuzzi,In_jacuzzi,,,input_boolean,input_boolean,False,False
input_boolean.keep_booty_led_on,Keep_booty_led_on,,,input_boolean,input_boolean,False,False
input_boolean.keep_porch_on,Keep_porch_on,,,input_boolean,input_boolean,False,False
input_boolean.making_love,Making_love,,,input_boolean,input_boolean,False,False
input_boolean.on_terrace,On_terrace,,,input_boolean,input_boolean,False,False
input_boolean.pool_filter_schedule_active,Pool filter schedule active,,,input_boolean,input_boolean,False,False
input_boolean.renatkain,RenatkaIn,,,input_boolean,input_boolean,False,False
input_boolean.sprinklers_active,Sprinklers active,Garden back,,input_boolean,input_boolean,False,False
input_boolean.tub_schedule_enabled,Hot tub schedule,,,input_boolean,input_boolean,False,False
input_datetime.current_date,Current date,,,input_datetime,input_datetime,False,False
input_datetime.current_time,Current time,,,input_datetime,input_datetime,False,False
input_datetime.sauna_session_started,Sauna session started,,,input_datetime,input_datetime,False,False
input_datetime.tub_slot_1_time,Hot tub slot 1 time,,,input_datetime,input_datetime,False,False
input_datetime.tub_slot_2_time,Hot tub slot 2 time,,,input_datetime,input_datetime,False,False
input_datetime.tub_slot_3_time,Hot tub slot 3 time,,,input_datetime,input_datetime,False,False
input_datetime.tub_slot_4_time,Hot tub slot 4 time,,,input_datetime,input_datetime,False,False
input_number.energy_price,Energy price,,,input_number,input_number,False,False
input_number.location,Location,,,input_number,input_number,False,False
input_number.sauna_heater_power,Sauna heater power,,,input_number,input_number,False,False
input_number.sprinklerrunminutessetting,SprinklerRunMinutesSetting,,,input_number,input_number,False,False
input_number.tub_slot_1_temp,Hot tub slot 1 temperature,,,input_number,input_number,False,False
input_number.tub_slot_2_temp,Hot tub slot 2 temperature,,,input_number,input_number,False,False
input_number.tub_slot_3_temp,Hot tub slot 3 temperature,,,input_number,input_number,False,False
input_number.tub_slot_4_temp,Hot tub slot 4 temperature,,,input_number,input_number,False,False
input_select.sauna_session_length,Sauna session length,,,input_select,input_select,False,False
input_select.scenario,Scenario,,,input_select,input_select,False,False
lawn_mower.vision_m,,Garden back,Vision Tyl,landroid_cloud,lawn_mower,False,False
lawn_mower.vision_m_1,,Garden back,Vision M 1,landroid_cloud,lawn_mower,False,False
light.0xa81710b9b1d10000,,,Porch led tub,mqtt,light,False,False
light.bathroom_led_controller_light,,Bathroom,Bathroom Led controller,zha,light,False,False
light.bathroom_sink_switch_light_2,Bathroom Sink switch Light,Bathroom,Bathroom Sink switch,zha,light,False,False
light.beam_led_controller_light_7,,Living Room,Beam led controller,zha,light,False,False
light.bed_lights,,Zoe's Room,Bed lights,tuya,light,False,False
light.bed_lights_2,,Olaf's room,Bed Lights,tuya,light,False,False
light.bedroom_led_controller_light_4,,Bedroom,Bedroom Led controller,zha,light,False,False
light.cabinet_led_controller_light_3,,Kitchen,Cabinet led controller,zha,light,False,False
light.cabinet_switch_light_3,Cabinet Switch Light,Kitchen,Cabinet Switch,zha,light,False,False
light.cabinet_switch_light_4,Cabinet Switch Light,Kitchen,Cabinet Switch,zha,light,False,False
light.entertainment_switch_light_5,projector switch,Living Room,entertainment switch,zha,light,False,False
light.entertainment_switch_light_6,screen switch,Living Room,entertainment switch,zha,light,False,False
light.entrance_outside_light_light,Entrance Outside light Light,Entrance,Entrance Outside light,zha,light,False,False
light.entrance_outside_light_light_2,Entrance Outside light Light,Entrance,Entrance Outside light,zha,light,False,False
light.fan,,Living Room,Fan,tuya,light,False,False
light.gable_wall_lights_switch_light_3,Gable wall lights switch Light,Kitchen,Gable wall lights switch,zha,light,False,False
light.gable_wall_lights_switch_light_4,Gable wall lights switch Light,Kitchen,Gable wall lights switch,zha,light,False,False
light.garage_light_switch_light_6,Garage light switch garage light,Garage,Garage light switch,zha,light,False,False
light.garage_light_switch_light_7,Garage light switch outside light,Garage,Garage light switch,zha,light,False,False
light.garmin,garmin,,,group,light,False,False
light.generic_zigbee_coordinator_ezsp_garden,Garden,Entrance, Generic Zigbee Coordinator (EZSP),zha,light,False,False
light.generic_zigbee_coordinator_ezsp_porch_bulbs,Porch  bulbs,Entrance, Generic Zigbee Coordinator (EZSP),zha,light,False,False
light.hall_led_controller_light_8,,Hall,Hall led controller,zha,light,False,False
light.hall_main_light_switch_light_3,Hall main light switch Light rooms light,Hall,Hall main light switch,zha,light,False,False
light.hall_main_light_switch_light_4,Hall main light switch Light entrance lights,Hall,Hall main light switch,zha,light,False,False
light.island_and_sofa_switch_light_5,Island and sofa switch Light,Kitchen,Island and sofa switch,zha,light,False,False
light.island_and_sofa_switch_light_6,Island and sofa switch Light,Kitchen,Island and sofa switch,zha,light,False,False
light.island_switch_light_3,Island switch Light,Kitchen,Island switch,zha,light,False,False
light.island_switch_light_4,Island switch Light,Kitchen,Island switch,zha,light,False,False
light.kids_bathroom_led_controller_light_9,,Kid's bathroom,Kids bathroom Led controller,zha,light,False,False
light.kitchen_outside_light_switch_light_3,Kitchen Outside light switch Light,Kitchen,Kitchen Outside light switch,zha,light,False,False
light.kitchen_outside_light_switch_light_4,Kitchen Outside light switch Light,Kitchen,Kitchen Outside light switch,zha,light,False,False
light.living_room_leds_switch_light_3,Living room Leds Top Light switch,Living Room,Living room Leds switch,zha,light,False,False
light.living_room_leds_switch_light_4,Living room Leds Beam switch,Living Room,Living room Leds switch,zha,light,False,False
light.living_room_leds_switch_light_5,Living room Leds switch Light,Living Room,Living room Leds switch,zha,light,False,False
light.main_light_switch_stairs_light_6,Stairs LED main switch,Mezzanine,Main light switch stairs,zha,light,False,False
light.neon_light,Neon Light,Bedroom,Neon,zha,light,False,False
light.olaf_led_controller_light_5,,Olaf's room,Olaf Led controller,zha,light,False,False
light.olaf_s_main_light_switch_light,Olaf's main light switch decr,Olaf's room,Olaf's main light switch,zha,light,False,False
light.olaf_s_main_light_switch_light_2,Olaf's main light switch Light,Olaf's room,Olaf's main light switch,zha,light,False,False
light.olaf_s_main_light_switch_light_3,Olaf's main light switch Incr,Olaf's room,Olaf's main light switch,zha,light,False,False
light.piekarnik_light,Light,Kitchen,Piekarnik,smartthings,light,False,False
light.porch_led_1_corner,,Garden back,Porch Led 1 corner,zha,light,False,False
light.porch_led_2_hs_light,Porch led 2 hs Light,Garden back,Porch led 2 hs,zha,light,False,False
light.porch_led_3_swing,,Garden back,Porch led 3 swing,zha,light,False,False
light.porch_led_4_atrium_light,Porch led 4 atrium Light,Garden back,Porch led 4 atrium,zha,light,False,False
light.porch_led_5_hottub_light,Porch Led 5 hottub Light,Garden back,Porch Led 5 hottub,zha,light,False,False
light.porch_leds,Porch leds,,,group,light,False,False
light.silicon_labs_ezsp_entrance_lights,Entrance lights,Entrance, Generic Zigbee Coordinator (EZSP),zha,light,False,False
light.slave_hall_switch_bedrooms_light,Slave hall switch bedrooms light,Hall,Slave hall switch bedrooms,zha,light,False,False
light.storage_main_light_switch,Storage room main light switch,Storage Room,Storage Main light switch,zha,light,False,False
light.top_led_controller_light_6,,Living Room,Top led controller,zha,light,False,False
light.tz3000_cauq1okq_ts0002_light,Light,Hall,Hall stairs switch slave,zha,light,False,False
light.tz3000_cauq1okq_ts0002_light_2,Light,Hall,Hall stairs switch slave,zha,light,False,False
light.tz3000_cauq1okq_ts0002_light_3,Light,Hall,Hall entrance rooms switches slave,zha,light,False,False
light.tz3000_cauq1okq_ts0002_light_4,Light,Hall,Hall entrance rooms switches slave,zha,light,False,False
light.tz3000_cauq1okq_ts0002_light_5,Light,Hall,Hall Storage switches slave,zha,light,False,False
light.tz3000_cauq1okq_ts0002_light_6,Light,Hall,Hall Storage switches slave,zha,light,False,False
light.tz3000_kflqsrse_ts0003_light_3,Light,Mezzanine,Mezzanine Main light switch,zha,light,False,False
light.tz3000_kflqsrse_ts0003_light_4,Light,Mezzanine,Mezzanine Main light switch,zha,light,False,False
light.tz3000_kflqsrse_ts0003_light_5,Light,Mezzanine,Mezzanine Main light switch,zha,light,False,False
light.tz3000_kqvb5akv_ts0001,,Garden back,Garden lamps,zha,light,False,False
light.tz3000_ptjcjise_ts0002_light_3,Light,Zoe's Room,Zoe’s outside light switch,zha,light,False,False
light.tz3000_ptjcjise_ts0002_light_4,Light,Zoe's Room,Zoe’s outside light switch,zha,light,False,False
light.tz3000_ptjcjise_ts0002_light_5,Stairs main switch,Mezzanine,Main light switch stairs,zha,light,False,False
light.tz3000_rxlv8md7_ts0001,,Garden back,Lamp switch,zha,light,False,False
light.tz3210_amleyeej_ts0501b,,Garden back,Extender,zha,light,False,False
light.yeelight_color4_0x15901fed,,Apartment,Yeelight Color4 0x15901fed,yeelight,light,False,False
light.zha_entrance_lights_light,Zha Entrance lights LED,Entrance,Zha Entrance lights,zha,light,False,False
light.zha_entrance_lights_light_2,Zha Entrance lights Main,Entrance,Zha Entrance lights,zha,light,False,False
light.zha_entrance_lights_light_3,Zha Entrance lights Closet,Entrance,Zha Entrance lights,zha,light,False,False
light.zha_s_entrance_lights_light_4,Zha (S) Entrance lights Closet,Entrance,Zha (S) Entrance lights,zha,light,False,False
light.zha_s_entrance_lights_light_5,Zha (S) Entrance lights Main,Entrance,Zha (S) Entrance lights,zha,light,False,False
light.zha_s_entrance_lights_light_6,Zha (S) Entrance lights LED,Entrance,Zha (S) Entrance lights,zha,light,False,False
light.zoe_s_led_controller_light_2,,Zoe's Room,Zoe’s Led controller,zha,light,False,False
light.zoe_s_lights_light,Light 1,Zoe's Room,Zoe's lights,tuya,light,False,False
light.zoe_s_main_light_switch_light,Zoe's main light switch dim,Zoe's Room,Zoe's main light switch,zha,light,False,False
light.zoe_s_main_light_switch_light_2,Zoe's main light switch Light,Zoe's Room,Zoe's main light switch,zha,light,False,False
light.zoe_s_main_light_switch_light_3,Zoe's main light switch Brighten,Zoe's Room,Zoe's main light switch,zha,light,False,False
media_player.all_speakers,,,All speakers,cast,media_player,False,False
media_player.all_speakers_2,,,All speakers,music_assistant,media_player,False,False
media_player.all_speakers_airplay,,,All speakers+ (AirPlay),music_assistant,media_player,False,False
media_player.all_speakers_no_kids,,,All speakers no kids,cast,media_player,False,False
media_player.all_speakers_no_kids_2,,,All speakers no kids,music_assistant,media_player,False,False
media_player.all_speakers_no_kids_airplay,,,All speakers no kids+,music_assistant,media_player,False,False
media_player.annas_macbook,,,Anna’s MacBook,music_assistant,media_player,False,False
media_player.atrium_speaker,,,Atrium Speaker,cast,media_player,False,False
media_player.atrium_speaker_2,,,Atrium Speaker,music_assistant,media_player,False,False
media_player.bathroom,,,Bathroom,cast,media_player,False,False
media_player.bathroom_2,,,Bathroom,music_assistant,media_player,False,False
media_player.chrome,Chrome,,,jellyfin,media_player,False,False
media_player.chrome_2,Chrome,,,jellyfin,media_player,False,False
media_player.chrome_3,Chrome,,,jellyfin,media_player,False,False
media_player.chrome_android,Chrome Android,,,jellyfin,media_player,False,False
media_player.chrome_android_2,Chrome Android,,,jellyfin,media_player,False,False
media_player.chromecast,,,Chromecast,cast,media_player,False,False
media_player.chromecast4371,,,Chromecast4371,cast,media_player,False,False
media_player.chromecast4371_2,,,Chromecast4371,music_assistant,media_player,False,False
media_player.chromecast5862,,,Chromecast5862,cast,media_player,False,False
media_player.chromecast5862_2,,,Chromecast5862,music_assistant,media_player,False,False
media_player.chromecast_3,,,Chromecast,music_assistant,media_player,False,False
media_player.garden,,,Garden,cast,media_player,False,False
media_player.garden_2,,,Garden,music_assistant,media_player,False,False
media_player.garden_3,,,Garden,cast,media_player,False,False
media_player.garden_4,,,Garden,music_assistant,media_player,False,False
media_player.garden_5,,,Garden+ (AirPlay),music_assistant,media_player,False,False
media_player.googlehome5838,,,GoogleHome5838,cast,media_player,False,False
media_player.googlehome5838_2,,,GoogleHome5838,music_assistant,media_player,False,False
media_player.googletv9526,,,GoogleTV9526,cast,media_player,False,False
media_player.googletv9526_2,,,GoogleTV9526,music_assistant,media_player,False,False
media_player.hall,,,Hall,cast,media_player,False,False
media_player.hall_2,,,Hall,music_assistant,media_player,False,False
media_player.hall_3,,,Hall+,music_assistant,media_player,False,False
media_player.iphone,iPhone,,,jellyfin,media_player,False,False
media_player.kids_bathroom,,,Bedroom,cast,media_player,False,False
media_player.kids_bathroom_2,,,Bedroom,music_assistant,media_player,False,False
media_player.kids_bathroom_3,,,Kids bathroom+,music_assistant,media_player,False,False
media_player.kids_speakers,,,Kids’ speakers,cast,media_player,False,False
media_player.kids_speakers_2,,,Kids’ speakers,music_assistant,media_player,False,False
media_player.kids_speakers_3,,,Kids’ speakers+,music_assistant,media_player,False,False
media_player.living_room,,,Living Room,cast,media_player,False,False
media_player.living_room_2,,,Living Room,music_assistant,media_player,False,False
media_player.living_room_3,,,Living Room+,music_assistant,media_player,False,False
media_player.living_room_and_garden,,,Living room and garden,cast,media_player,False,False
media_player.living_room_and_garden_2,,,Living room and garden,music_assistant,media_player,False,False
media_player.living_room_and_garden_3,,,Living room and garden+,music_assistant,media_player,False,False
media_player.living_room_and_outside,,,Living room and outside,cast,media_player,False,False
media_player.living_room_and_outside_2,,,Living room and outside,music_assistant,media_player,False,False
media_player.living_room_and_outside_3,,,Living room and outside+,music_assistant,media_player,False,False
media_player.living_room_and_outside_4,,,Living room and outside+,music_assistant,media_player,False,False
media_player.living_room_and_outside_airplay,,,Living room and outside+ (AirPlay),music_assistant,media_player,False,False
media_player.living_room_speakers,,,Living room speakers,cast,media_player,False,False
media_player.living_room_speakers_2,,,Living room speakers,music_assistant,media_player,False,False
media_player.living_room_speakers_3,,,Living room speakers+,music_assistant,media_player,False,False
media_player.mezannine_tv,,Mezzanine,Mezannine TV,androidtv_remote,media_player,False,False
media_player.mi_box,,,Mi Box,cast,media_player,False,False
media_player.olaf_s_speaker,,,Olaf's speaker,cast,media_player,False,False
media_player.olaf_s_speaker_2,,,Olaf's speaker,music_assistant,media_player,False,False
media_player.playstation_5,,Mezzanine,PlayStation 5,playstation_network,media_player,False,False
media_player.plpc018984,,,PLPC018984,music_assistant,media_player,False,False
media_player.projector,,,Projector,cast,media_player,False,False
media_player.projector_2,,,Projector,music_assistant,media_player,False,False
media_player.projector_3,,Living Room,Projector chromecast,androidtv_remote,media_player,False,False
media_player.safari,Safari,,,jellyfin,media_player,False,False
media_player.safari_iphone,Safari iPhone,,,jellyfin,media_player,False,False
media_player.safari_iphone_2,Safari iPhone,,,jellyfin,media_player,False,False
media_player.smart_tv_pro,,,Smart TV Pro,cast,media_player,False,False
media_player.smart_tv_pro_192_168_1_112,Smart TV Pro(192.168.1.112),,Smart TV Pro(192.168.1.112),dlna_dmr,media_player,False,False
media_player.smart_tv_pro_3,,,Smart TV Pro,jellyfin,media_player,False,False
media_player.smart_tv_pro_4,,,Smart TV Pro,jellyfin,media_player,False,False
media_player.smart_tv_pro_5,,,Smart TV Pro,jellyfin,media_player,False,False
media_player.smart_tv_pro_6,,,Smart TV Pro,jellyfin,media_player,False,False
media_player.smart_tv_pro_7,,,Smart TV Pro,music_assistant,media_player,False,False
media_player.smart_tv_pro_television,Smart TV Pro Television,Mezzanine,Smart TV Pro,homekit_controller,media_player,False,False
media_player.spotify_tomasz_rozanek,,Living Room,Spotify Tomasz Różanek,spotify,media_player,False,False
media_player.tivik_przy_lozu,,,Tivik przy Łożu,jellyfin,media_player,False,False
media_player.tivik_przy_lozu_2,,,Tivik przy Łożu,jellyfin,media_player,False,False
media_player.tomasz_s_s24,Tomasz's S24,,,jellyfin,media_player,False,False
media_player.tomasz_s_s24_2,Tomasz's S24,,,jellyfin,media_player,False,False
media_player.tomasz_s_s24_3,Tomasz's S24,,,jellyfin,media_player,False,False
media_player.tomasz_s_s24_4,,,Tomasz's S24,jellyfin,media_player,False,False
media_player.tv,,,TV,cast,media_player,False,False
media_player.tv_2,,,TV,jellyfin,media_player,False,False
media_player.tv_3,,,TV,jellyfin,media_player,False,False
media_player.tv_4,,,TV,music_assistant,media_player,False,False
media_player.tv_5,,,TV+,music_assistant,media_player,False,False
media_player.vlc_telnet,,Living Room,VLC-TELNET,vlc_telnet,media_player,False,False
media_player.zoe_s_speaker,,,Zoe's speaker,cast,media_player,False,False
media_player.zoe_s_speaker_2,,,Zoe's speaker,music_assistant,media_player,False,False
number.0xa4c13801067fe42c_countdown,Countdown,,Projector socket,mqtt,number,False,False
number.0xa4c13824536ce4eb_countdown_l1,Countdown l1,,Bedroom atrium switch,mqtt,number,False,False
number.0xa4c13824536ce4eb_countdown_l2,Countdown l2,,Bedroom atrium switch,mqtt,number,False,False
number.0xa4c13832197c0e10_countdown_l1,Countdown l1,,Kids Bathroom switch ZMQT,mqtt,number,False,False
number.0xa4c13832197c0e10_countdown_l2,Countdown l2,,Kids Bathroom switch ZMQT,mqtt,number,False,False
number.0xa4c138d20e6456d4_countdown_l1,Countdown l1,,Bathroom main switch,mqtt,number,False,False
number.0xa4c138d20e6456d4_countdown_l2,Countdown l2,,Bathroom main switch,mqtt,number,False,False
number.1002656e12_toggle_inching_1_inchingdelay,Channel 1 Inching Delay,,NSPanel,mqtt,number,False,False
number.1002656e12_toggle_inching_2_inchingdelay,Channel 2 Inching Delay,,NSPanel,mqtt,number,False,False
number.atrium_ai_animal_delay,AI animal delay,Atrium,Atrium,reolink,number,True,False
number.atrium_ai_animal_sensitivity,AI animal sensitivity,Atrium,Atrium,reolink,number,False,False
number.atrium_ai_person_delay,AI person delay,Atrium,Atrium,reolink,number,True,False
number.atrium_ai_person_sensitivity,AI person sensitivity,Atrium,Atrium,reolink,number,False,False
number.atrium_ai_vehicle_delay,AI vehicle delay,Atrium,Atrium,reolink,number,True,False
number.atrium_ai_vehicle_sensitivity,AI vehicle sensitivity,Atrium,Atrium,reolink,number,False,False
number.atrium_day_night_switch_threshold,Day night switch threshold,Atrium,Atrium,reolink,number,True,False
number.atrium_image_brightness,Image brightness,Atrium,Atrium,reolink,number,True,False
number.atrium_image_contrast,Image contrast,Atrium,Atrium,reolink,number,True,False
number.atrium_image_saturation,Image saturation,Atrium,Atrium,reolink,number,True,False
number.atrium_image_sharpness,Image sharpness,Atrium,Atrium,reolink,number,True,False
number.atrium_motion_sensitivity,Motion sensitivity,Atrium,Atrium,reolink,number,False,False
number.atrium_volume,Volume,Atrium,Atrium,reolink,number,False,False
number.bathroom_led_controller_start_up_current_level,Power-on level,Bathroom,Bathroom Led controller,zha,number,False,False
number.beam_led_controller_start_up_current_level_4,Power-on level,Living Room,Beam led controller,zha,number,False,False
number.bedroom_led_controller_start_up_current_level_3,Power-on level,Bedroom,Bedroom Led controller,zha,number,False,False
number.cabinet_led_controller_start_up_current_level_2,Power-on level,Kitchen,Cabinet led controller,zha,number,False,False
number.change_in_curve_47028,change in curve (47028),Storage Room,BA-SVM 10-200/12 E,myuplink,number,False,False
number.climate_system_47015,climate system (47015),Storage Room,BA-SVM 10-200/12 E,myuplink,number,False,False
number.climate_system_47032,climate system (47032),Storage Room,BA-SVM 10-200/12 E,myuplink,number,False,False
number.current_value_40940,current value (40940),Storage Room,BA-SVM 10-200/12 E,myuplink,number,False,False
number.diff_between_additional_steps_47209,diff. between additional steps (47209),Storage Room,BA-SVM 10-200/12 E,myuplink,number,False,False
number.downtime_47055,downtime (47055),Storage Room,BA-SVM 10-200/12 E,myuplink,number,False,False
number.filtering_time_47377,filtering time (47377),Storage Room,BA-SVM 10-200/12 E,myuplink,number,False,False
number.flow_line_temp_at_0_degc_47023,flow line temp. at 0 °C (47023),Storage Room,BA-SVM 10-200/12 E,myuplink,number,False,False
number.flow_line_temp_at_10_degc_47022,flow line temp. at 10 °C (47022),Storage Room,BA-SVM 10-200/12 E,myuplink,number,False,False
number.flow_line_temp_at_10_degc_47024,flow line temp. at -10 °C (47024),Storage Room,BA-SVM 10-200/12 E,myuplink,number,False,False
number.flow_line_temp_at_20_degc_47021,flow line temp. at 20 °C (47021),Storage Room,BA-SVM 10-200/12 E,myuplink,number,False,False
number.flow_line_temp_at_20_degc_47025,flow line temp. at -20 °C (47025),Storage Room,BA-SVM 10-200/12 E,myuplink,number,False,False
number.flow_line_temp_at_30_degc_47020,flow line temp. at 30 °C (47020),Storage Room,BA-SVM 10-200/12 E,myuplink,number,False,False
number.flow_line_temp_at_30_degc_47026,flow line temp. at -30 °C (47026),Storage Room,BA-SVM 10-200/12 E,myuplink,number,False,False
number.hall_led_controller_start_up_current_level_5,Power-on level,Hall,Hall led controller,zha,number,False,False
number.heating_curve_47007,heating curve (47007),Storage Room,BA-SVM 10-200/12 E,myuplink,number,False,False
number.herunohazumi_gmail_com_clean_count,Clean count,Living Room,herunohazumi@gmail.com,ecovacs,number,True,False
number.herunohazumi_gmail_com_clean_count_2,Clean count,,herunohazumi@gmail.com,ecovacs,number,True,False
number.herunohazumi_gmail_com_volume,Volume,Living Room,herunohazumi@gmail.com,ecovacs,number,True,False
number.herunohazumi_gmail_com_volume_2,Volume,,herunohazumi@gmail.com,ecovacs,number,True,False
number.kids_bathroom_led_controller_start_up_current_level_6,Power-on level,Kid's bathroom,Kids bathroom Led controller,zha,number,False,False
number.layzspa_cena_pradu,Cena prądu,,layzspa,mqtt,number,False,False
number.layzspa_czas_powiadomienia,Czas powiadomienia,,layzspa,mqtt,number,False,False
number.layzspa_jasnosc,Jasność,,layzspa,mqtt,number,False,False
number.layzspa_okres_chlorowania,Okres chlorowania,,layzspa,mqtt,number,False,False
number.layzspa_okres_czyszczenia_filtra,Okres czyszczenia filtra,,layzspa,mqtt,number,False,False
number.layzspa_okres_plukania_filtra,Okres płukania filtra,,layzspa,mqtt,number,False,False
number.layzspa_okres_wymiany_filtra,Okres wymiany filtra,,layzspa,mqtt,number,False,False
number.layzspa_temp_otoczenia_c,Temp. otoczenia C,,layzspa,mqtt,number,False,False
number.layzspa_temp_otoczenia_f,Temp. otoczenia F,,layzspa,mqtt,number,False,False
number.length_of_period_1_47058,length of period 1 (47058),Storage Room,BA-SVM 10-200/12 E,myuplink,number,False,False
number.length_of_period_1_47061,length of period 1 (47061),Storage Room,BA-SVM 10-200/12 E,myuplink,number,False,False
number.length_of_period_2_47057,length of period 2 (47057),Storage Room,BA-SVM 10-200/12 E,myuplink,number,False,False
number.length_of_period_2_47060,length of period 2 (47060),Storage Room,BA-SVM 10-200/12 E,myuplink,number,False,False
number.length_of_period_3_47056,length of period 3 (47056),Storage Room,BA-SVM 10-200/12 E,myuplink,number,False,False
number.length_of_period_3_47059,length of period 3 (47059),Storage Room,BA-SVM 10-200/12 E,myuplink,number,False,False
number.main_entrance_doorbell_ai_person_delay,AI person delay,Entrance,Main Entrance Doorbell,reolink,number,True,False
number.main_entrance_doorbell_ai_person_sensitivity,AI person sensitivity,Entrance,Main Entrance Doorbell,reolink,number,False,False
number.main_entrance_doorbell_ai_pet_delay,AI pet delay,Entrance,Main Entrance Doorbell,reolink,number,True,False
number.main_entrance_doorbell_ai_pet_sensitivity,AI pet sensitivity,Entrance,Main Entrance Doorbell,reolink,number,False,False
number.main_entrance_doorbell_ai_vehicle_delay,AI vehicle delay,Entrance,Main Entrance Doorbell,reolink,number,True,False
number.main_entrance_doorbell_ai_vehicle_sensitivity,AI vehicle sensitivity,Entrance,Main Entrance Doorbell,reolink,number,False,False
number.main_entrance_doorbell_auto_quick_reply_time,Auto quick reply time,Entrance,Main Entrance Doorbell,reolink,number,False,False
number.main_entrance_doorbell_day_night_switch_threshold,Day night switch threshold,Entrance,Main Entrance Doorbell,reolink,number,True,False
number.main_entrance_doorbell_doorbell_volume,Doorbell volume,Entrance,Main Entrance Doorbell,reolink,number,False,False
number.main_entrance_doorbell_image_brightness,Image brightness,Entrance,Main Entrance Doorbell,reolink,number,True,False
number.main_entrance_doorbell_image_contrast,Image contrast,Entrance,Main Entrance Doorbell,reolink,number,True,False
number.main_entrance_doorbell_image_saturation,Image saturation,Entrance,Main Entrance Doorbell,reolink,number,True,False
number.main_entrance_doorbell_image_sharpness,Image sharpness,Entrance,Main Entrance Doorbell,reolink,number,True,False
number.main_entrance_doorbell_motion_sensitivity,Motion sensitivity,Entrance,Main Entrance Doorbell,reolink,number,False,False
number.main_entrance_doorbell_speak_volume,Speak volume,Entrance,Main Entrance Doorbell,reolink,number,False,False
number.main_entrance_doorbell_volume,Volume,Entrance,Main Entrance Doorbell,reolink,number,False,False
number.neon_start_up_color_temperature,Neon Start-up color temperature,Bedroom,Neon,zha,number,False,False
number.neon_start_up_current_level,Neon Start-up current level,Bedroom,Neon,zha,number,False,False
number.offset_47011,Offset (47011),Storage Room,BA-SVM 10-200/12 E,myuplink,number,False,False
number.olaf_led_controller_start_up_current_level_4,Power-on level,Olaf's room,Olaf Led controller,zha,number,False,False
number.operating_time_47054,operating time (47054),Storage Room,BA-SVM 10-200/12 E,myuplink,number,False,False
number.outdoor_temp_point_47027,outdoor temp. point (47027),Storage Room,BA-SVM 10-200/12 E,myuplink,number,False,False
number.period_47051,period (47051),Storage Room,BA-SVM 10-200/12 E,myuplink,number,False,False
number.porch_led_1_corner_on_level,On level,Garden back,Porch Led 1 corner,zha,number,False,False
number.porch_led_1_corner_on_off_transition_time,On/Off transition time,Garden back,Porch Led 1 corner,zha,number,False,False
number.porch_led_1_corner_start_up_colour_temperature,Start-up colour temperature,Garden back,Porch Led 1 corner,zha,number,False,False
number.porch_led_1_corner_start_up_current_level,Power-on level,Garden back,Porch Led 1 corner,zha,number,False,False
number.porch_led_2_hs_on_level,Porch led 2 hs On level,Garden back,Porch led 2 hs,zha,number,False,False
number.porch_led_2_hs_on_off_transition_time,Porch led 2 hs On/Off transition time,Garden back,Porch led 2 hs,zha,number,False,False
number.porch_led_2_hs_start_up_color_temperature,Porch led 2 hs Start-up color temperature,Garden back,Porch led 2 hs,zha,number,False,False
number.porch_led_2_hs_start_up_current_level,Porch led 2 hs Start-up current level,Garden back,Porch led 2 hs,zha,number,False,False
number.porch_led_3_swing_on_level,On level,Garden back,Porch led 3 swing,zha,number,False,False
number.porch_led_3_swing_on_off_transition_time,On/Off transition time,Garden back,Porch led 3 swing,zha,number,False,False
number.porch_led_3_swing_start_up_colour_temperature,Start-up colour temperature,Garden back,Porch led 3 swing,zha,number,False,False
number.porch_led_3_swing_start_up_current_level,Power-on level,Garden back,Porch led 3 swing,zha,number,False,False
number.porch_led_4_atrium_on_level,Porch led 4 atrium On level,Garden back,Porch led 4 atrium,zha,number,False,False
number.porch_led_4_atrium_on_off_transition_time,Porch led 4 atrium On/Off transition time,Garden back,Porch led 4 atrium,zha,number,False,False
number.porch_led_4_atrium_start_up_color_temperature,Porch led 4 atrium Start-up color temperature,Garden back,Porch led 4 atrium,zha,number,False,False
number.porch_led_4_atrium_start_up_current_level,Porch led 4 atrium Start-up current level,Garden back,Porch led 4 atrium,zha,number,False,False
number.porch_led_5_hottub_on_level,Porch Led 5 hottub On level,Garden back,Porch Led 5 hottub,zha,number,False,False
number.porch_led_5_hottub_on_off_transition_time,Porch Led 5 hottub On/Off transition time,Garden back,Porch Led 5 hottub,zha,number,False,False
number.porch_led_5_hottub_start_up_color_temperature,Porch Led 5 hottub Start-up color temperature,Garden back,Porch Led 5 hottub,zha,number,False,False
number.porch_led_5_hottub_start_up_current_level,Porch Led 5 hottub Start-up current level,Garden back,Porch Led 5 hottub,zha,number,False,False
number.pralka_rinse_cycles,Rinse cycles,Storage Room,Pralka,smartthings,number,False,False
number.start_compressor_47206,start compressor (47206),Storage Room,BA-SVM 10-200/12 E,myuplink,number,False,False
number.start_diff_additional_heat_48072,start diff additional heat (48072),Storage Room,BA-SVM 10-200/12 E,myuplink,number,False,False
number.start_time_49909,start time (49909),Storage Room,BA-SVM 10-200/12 E,myuplink,number,False,False
number.stop_additional_heat_47376,stop additional heat (47376),Storage Room,BA-SVM 10-200/12 E,myuplink,number,False,False
number.stop_heating_47375,stop heating (47375),Storage Room,BA-SVM 10-200/12 E,myuplink,number,False,False
number.top_led_controller_start_up_current_level_3,Power-on level,Living Room,Top led controller,zha,number,False,False
number.vision_m_1_lawn_perimeter,Lawn perimeter,Garden back,Vision M 1,landroid_cloud,number,True,False
number.vision_m_1_lawn_size,Lawn size,Garden back,Vision M 1,landroid_cloud,number,True,False
number.vision_m_1_rain_delay,Rain delay,Garden back,Vision M 1,landroid_cloud,number,True,False
number.vision_m_1_time_extension,Time extension,Garden back,Vision M 1,landroid_cloud,number,True,False
number.vision_m_1_torque,Torque,Garden back,Vision M 1,landroid_cloud,number,True,False
number.vision_m_cutting_height,Cutting height,Garden back,Vision Tyl,landroid_cloud,number,True,False
number.vision_m_lawn_perimeter,Lawn perimeter,Garden back,Vision Tyl,landroid_cloud,number,True,False
number.vision_m_lawn_size,Lawn size,Garden back,Vision Tyl,landroid_cloud,number,True,False
number.vision_m_rain_delay,Rain delay,Garden back,Vision Tyl,landroid_cloud,number,True,False
number.vision_m_time_extension,Time extension,Garden back,Vision Tyl,landroid_cloud,number,True,False
number.vision_m_torque,Torque,Garden back,Vision Tyl,landroid_cloud,number,True,False
number.zoe_s_led_controller_start_up_current_level_2,Power-on level,Zoe's Room,Zoe’s Led controller,zha,number,False,False
number.zoe_s_lights_minimum_brightness,Minimum brightness 1,Zoe's Room,Zoe's lights,tuya,number,False,False
person.ania,Ania,,,person,person,False,False
person.olaf,Olaf,,,person,person,False,False
person.tomasz,Tomasz,,,person,person,False,False
person.zoja,Zoja,,,person,person,False,False
remote.chrome,Chrome,,,jellyfin,remote,False,False
remote.chrome_2,Chrome,,,jellyfin,remote,False,False
remote.chrome_android,Chrome Android,,,jellyfin,remote,False,False
remote.chrome_android_2,Chrome Android,,,jellyfin,remote,False,False
remote.iphone,iPhone,,,jellyfin,remote,False,False
remote.mezannine_tv,,Mezzanine,Mezannine TV,androidtv_remote,remote,False,False
remote.projector,,Living Room,Projector chromecast,androidtv_remote,remote,False,False
remote.safari,Safari,,,jellyfin,remote,False,False
remote.safari_iphone,Safari iPhone,,,jellyfin,remote,False,False
remote.safari_iphone_2,Safari iPhone,,,jellyfin,remote,False,False
remote.smart_tv_pro,,,Smart TV Pro,jellyfin,remote,False,False
remote.smart_tv_pro_2,,,Smart TV Pro,jellyfin,remote,False,False
remote.tivik_przy_lozu,,,Tivik przy Łożu,jellyfin,remote,False,False
remote.tomasz_s_s24,Tomasz's S24,,,jellyfin,remote,False,False
remote.tomasz_s_s24_2,Tomasz's S24,,,jellyfin,remote,False,False
remote.tv,,,TV,jellyfin,remote,False,False
scene.bedrooms_lights_off,,,Bedrooms lights off,tuya,scene,False,False
scene.dobranoc,Dobranoc,,,smartthings,scene,False,False
scene.fall_projection_screen,,,fall projection screen,tuya,scene,False,False
scene.living_room_and_kitchen_off,Living room and kitchen  off,Living Room,,homeassistant,scene,False,False
scene.love_done,Love done,,,homeassistant,scene,False,False
scene.making_love,Making love,Bedroom,,homeassistant,scene,False,False
scene.movie_night_ended,Movie night ended,Living Room,,homeassistant,scene,False,False
scene.rainbow_porch,Rainbow porch,Garden back,,homeassistant,scene,False,False
scene.raise_screen,,,Raise screen,tuya,scene,False,False
scene.time_to_sleep,,,Time to sleep,tuya,scene,False,False
scene.turn_off_outside_lights_back,,,Turn off outside lights back,tuya,scene,False,False
scene.warm_porch,Warm porch,Garden back,,homeassistant,scene,False,False
script.notify_about_main_filter_change,Notify about main filter change,,,script,script,False,False
select.0xa4c13801067fe42c_indicator_mode,Indicator mode,,Projector socket,mqtt,select,False,False
select.0xa4c13801067fe42c_power_outage_memory,Power outage memory,,Projector socket,mqtt,select,False,False
select.0xa4c13824536ce4eb_indicator_mode,Indicator mode,,Bedroom atrium switch,mqtt,select,False,False
select.0xa4c13824536ce4eb_power_on_behavior_l1,Power-on behavior l1,,Bedroom atrium switch,mqtt,select,False,False
select.0xa4c13824536ce4eb_power_on_behavior_l2,Power-on behavior l2,,Bedroom atrium switch,mqtt,select,False,False
select.0xa4c13824536ce4eb_switch_type,Switch type,,Bedroom atrium switch,mqtt,select,False,False
select.0xa4c138307eb25674_delay_time,Delay time,,0xa4c138307eb25674,mqtt,select,False,False
select.0xa4c138307eb25674_sensitivity,Sensitivity,,0xa4c138307eb25674,mqtt,select,False,False
select.0xa4c13832197c0e10_indicator_mode,Indicator mode,,Kids Bathroom switch ZMQT,mqtt,select,False,False
select.0xa4c13832197c0e10_power_on_behavior_l1,Power-on behavior l1,,Kids Bathroom switch ZMQT,mqtt,select,False,False
select.0xa4c13832197c0e10_power_on_behavior_l2,Power-on behavior l2,,Kids Bathroom switch ZMQT,mqtt,select,False,False
select.0xa4c13832197c0e10_switch_type,Switch type,,Kids Bathroom switch ZMQT,mqtt,select,False,False
select.0xa4c138d135dedc39_delay_time,Delay time,Living Room,Living room presence detector,mqtt,select,False,False
select.0xa4c138d135dedc39_sensitivity,Sensitivity,Living Room,Living room presence detector,mqtt,select,False,False
select.0xa4c138d20e6456d4_indicator_mode,Indicator mode,,Bathroom main switch,mqtt,select,False,False
select.0xa4c138d20e6456d4_power_on_behavior_l1,Power-on behavior l1,,Bathroom main switch,mqtt,select,False,False
select.0xa4c138d20e6456d4_power_on_behavior_l2,Power-on behavior l2,,Bathroom main switch,mqtt,select,False,False
select.0xa4c138d20e6456d4_switch_type,Switch type,,Bathroom main switch,mqtt,select,False,False
select.0xa4c138da9dd2e3f6_delay_time,Delay time,,Bathroom presence detector,mqtt,select,False,False
select.0xa4c138da9dd2e3f6_sensitivity,Sensitivity,,Bathroom presence detector,mqtt,select,False,False
select.0xa81710b9b1d10000_color_power_on_behavior,Color power on behavior,,Porch led tub,mqtt,select,False,False
select.0xa81710b9b1d10000_effect,Effect,,Porch led tub,mqtt,select,True,False
select.0xa81710b9b1d10000_power_on_behavior,Power-on behavior,,Porch led tub,mqtt,select,False,False
select.1002656e12_toggle_startup_1,Channel 1 Power-on behavior,,NSPanel,mqtt,select,False,False
select.1002656e12_toggle_startup_2,Channel 2 Power-on behavior,,NSPanel,mqtt,select,False,False
select.atrium_ceiling_socket_backlight_mode,Atrium ceiling socket Backlight mode,Garden back,Atrium ceiling socket,zha,select,False,False
select.atrium_ceiling_socket_power_on_state,Atrium ceiling socket Power on state,Garden back,Atrium ceiling socket,zha,select,False,False
select.atrium_clear_bit_rate,Clear bit rate,Atrium,Atrium,reolink,select,True,False
select.atrium_clear_encoding,Clear encoding,Atrium,Atrium,reolink,select,True,False
select.atrium_clear_frame_rate,Clear frame rate,Atrium,Atrium,reolink,select,True,False
select.atrium_day_night_mode,Day night mode,Atrium,Atrium,reolink,select,False,False
select.atrium_fluent_bit_rate,Fluent bit rate,Atrium,Atrium,reolink,select,True,False
select.atrium_fluent_encoding,Fluent encoding,Atrium,Atrium,reolink,select,True,False
select.atrium_fluent_frame_rate,Fluent frame rate,Atrium,Atrium,reolink,select,True,False
select.atrium_post_recording_time,Post-recording time,Atrium,Atrium,reolink,select,True,False
select.ba_svm_10_200_12_e_smart_home_mode,Smart Home Mode,Storage Room,BA-SVM 10-200/12 E,myuplink,select,False,False
select.bathroom_led_controller_start_up_behavior,Power-on behaviour,Bathroom,Bathroom Led controller,zha,select,False,False
select.bathroom_sink_switch_backlight_mode_2,Bathroom Sink switch Backlight mode,Bathroom,Bathroom Sink switch,zha,select,False,False
select.bathroom_sink_switch_power_on_state_2,Bathroom Sink switch Power on state,Bathroom,Bathroom Sink switch,zha,select,False,False
select.beam_led_controller_start_up_behavior_5,Power-on behaviour,Living Room,Beam led controller,zha,select,False,False
select.bedroom_led_controller_start_up_behavior_3,Power-on behaviour,Bedroom,Bedroom Led controller,zha,select,False,False
select.cabinet_led_controller_start_up_behavior_2,Power-on behaviour,Kitchen,Cabinet led controller,zha,select,False,False
select.cabinet_switch_backlight_mode_2,Cabinet Switch Backlight mode,Kitchen,Cabinet Switch,zha,select,False,False
select.cabinet_switch_power_on_state_2,Cabinet Switch Power on state,Kitchen,Cabinet Switch,zha,select,False,False
select.entertainment_switch_backlight_mode_3,entertainment switch Backlight mode,Living Room,entertainment switch,zha,select,False,False
select.entertainment_switch_power_on_state_3,entertainment switch Power on state,Living Room,entertainment switch,zha,select,False,False
select.entrance_outside_light_backlight_mode,Entrance Outside light Backlight mode,Entrance,Entrance Outside light,zha,select,False,False
select.entrance_outside_light_backlight_mode_2,Entrance Outside light Backlight mode,Entrance,Entrance Outside light,zha,select,False,False
select.entrance_outside_light_power_on_state,Entrance Outside light Power on state,Entrance,Entrance Outside light,zha,select,False,False
select.entrance_outside_light_power_on_state_2,Entrance Outside light Power on state,Entrance,Entrance Outside light,zha,select,False,False
select.gable_wall_lights_switch_backlight_mode_2,Gable wall lights switch Backlight mode,Kitchen,Gable wall lights switch,zha,select,False,False
select.gable_wall_lights_switch_power_on_state_2,Gable wall lights switch Power on state,Kitchen,Gable wall lights switch,zha,select,False,False
select.garage_light_switch_backlight_mode_3,Garage light switch Backlight mode,Garage,Garage light switch,zha,select,False,False
select.garage_light_switch_power_on_state_3,Garage light switch Power on state,Garage,Garage light switch,zha,select,False,False
select.hall_led_controller_start_up_behavior_6,Power-on behaviour,Hall,Hall led controller,zha,select,False,False
select.hall_main_light_switch_backlight_mode_2,Hall main light switch Backlight mode,Hall,Hall main light switch,zha,select,False,False
select.hall_main_light_switch_power_on_state_2,Hall main light switch Power on state,Hall,Hall main light switch,zha,select,False,False
select.herunohazumi_gmail_com_active_map,Active map,,herunohazumi@gmail.com,ecovacs,select,False,False
select.herunohazumi_gmail_com_water_flow_level,Water flow level,Living Room,herunohazumi@gmail.com,ecovacs,select,False,False
select.herunohazumi_gmail_com_water_flow_level_2,Water flow level,,herunohazumi@gmail.com,ecovacs,select,False,False
select.hot_water_amount_47041,Hot water amount (47041),Storage Room,BA-SVM 10-200/12 E,myuplink,select,False,False
select.hot_water_boost_48132,Hot water boost (48132),Storage Room,BA-SVM 10-200/12 E,myuplink,select,False,False
select.island_and_sofa_switch_backlight_mode_3,Island and sofa switch Backlight mode,Kitchen,Island and sofa switch,zha,select,False,False
select.island_and_sofa_switch_power_on_state_3,Island and sofa switch Power on state,Kitchen,Island and sofa switch,zha,select,False,False
select.island_switch_backlight_mode_2,Island switch Backlight mode,Kitchen,Island switch,zha,select,False,False
select.island_switch_power_on_state_2,Island switch Power on state,Kitchen,Island switch,zha,select,False,False
select.kids_bathroom_led_controller_start_up_behavior_7,Power-on behaviour,Kid's bathroom,Kids bathroom Led controller,zha,select,False,False
select.kitchen_outside_light_switch_backlight_mode_2,Kitchen Outside light switch Backlight mode,Kitchen,Kitchen Outside light switch,zha,select,False,False
select.kitchen_outside_light_switch_power_on_state_2,Kitchen Outside light switch Power on state,Kitchen,Kitchen Outside light switch,zha,select,False,False
select.lampa_ognisko_power_on_behaviour,Power-on behaviour,Garden back,Lampa ognisko,tuya,select,False,False
select.ledvance_plug_compact_eu_em_t_start_up_behaviour,Power-on behaviour,Atrium,Plug jacuzzi,zha,select,False,False
select.living_room_leds_switch_backlight_mode_2,Living room Leds switch Backlight mode,Living Room,Living room Leds switch,zha,select,False,False
select.living_room_leds_switch_backlight_mode_3,Living room Leds switch Backlight mode,Living Room,Living room Leds switch,zha,select,False,False
select.living_room_leds_switch_backlight_mode_4,Living room Leds switch Backlight mode,Living Room,Living room Leds switch,zha,select,False,False
select.living_room_leds_switch_power_on_state_2,Living room Leds switch Power on state,Living Room,Living room Leds switch,zha,select,False,False
select.living_room_leds_switch_power_on_state_3,Living room Leds switch Power on state,Living Room,Living room Leds switch,zha,select,False,False
select.living_room_leds_switch_power_on_state_4,Living room Leds switch Power on state,Living Room,Living room Leds switch,zha,select,False,False
select.main_entrance_doorbell_auto_quick_reply_message,Auto quick reply message,Entrance,Main Entrance Doorbell,reolink,select,False,False
select.main_entrance_doorbell_clear_bit_rate,Clear bit rate,Entrance,Main Entrance Doorbell,reolink,select,True,False
select.main_entrance_doorbell_clear_frame_rate,Clear frame rate,Entrance,Main Entrance Doorbell,reolink,select,True,False
select.main_entrance_doorbell_day_night_mode,Day night mode,Entrance,Main Entrance Doorbell,reolink,select,False,False
select.main_entrance_doorbell_fluent_bit_rate,Fluent bit rate,Entrance,Main Entrance Doorbell,reolink,select,True,False
select.main_entrance_doorbell_fluent_frame_rate,Fluent frame rate,Entrance,Main Entrance Doorbell,reolink,select,True,False
select.main_entrance_doorbell_hdr,HDR,Entrance,Main Entrance Doorbell,reolink,select,True,False
select.main_entrance_doorbell_play_quick_reply_message,Play quick reply message,Entrance,Main Entrance Doorbell,reolink,select,False,False
select.main_entrance_doorbell_post_recording_time,Post-recording time,Entrance,Main Entrance Doorbell,reolink,select,True,False
select.main_entrance_doorbell_status_led,Doorbell LED,Entrance,Main Entrance Doorbell,reolink,select,False,False
select.main_light_switch_stairs_backlight_mode_3,Main light switch stairs Backlight mode,Mezzanine,Main light switch stairs,zha,select,False,False
select.main_light_switch_stairs_power_on_state_3,Main light switch stairs Power on state,Mezzanine,Main light switch stairs,zha,select,False,False
select.neon_start_up_behavior,Neon Start-up behavior,Bedroom,Neon,zha,select,False,False
select.olaf_led_controller_start_up_behavior_4,Power-on behaviour,Olaf's room,Olaf Led controller,zha,select,False,False
select.olaf_s_main_light_switch_backlight_mode,Olaf's main light switch Backlight mode,Olaf's room,Olaf's main light switch,zha,select,False,False
select.olaf_s_main_light_switch_power_on_state,Olaf's main light switch Power on state,Olaf's room,Olaf's main light switch,zha,select,False,False
select.op_mode_47137,op. mode (47137),Storage Room,BA-SVM 10-200/12 E,myuplink,select,False,False
select.piekarnik_lamp,Lamp,Kitchen,Piekarnik,smartthings,select,False,False
select.pool_filter_start_up_behaviour,Power-on behaviour,Garden back,Pool filter,zha,select,False,False
select.porch_led_1_corner_start_up_behaviour,Power-on behaviour,Garden back,Porch Led 1 corner,zha,select,False,False
select.porch_led_2_hs_start_up_behavior,Porch led 2 hs Start-up behavior,Garden back,Porch led 2 hs,zha,select,False,False
select.porch_led_3_swing_start_up_behaviour,Power-on behaviour,Garden back,Porch led 3 swing,zha,select,False,False
select.porch_led_4_atrium_start_up_behavior,Porch led 4 atrium Start-up behavior,Garden back,Porch led 4 atrium,zha,select,False,False
select.porch_led_5_hottub_start_up_behavior,Porch Led 5 hottub Start-up behavior,Garden back,Porch Led 5 hottub,zha,select,False,False
select.pralka,,Storage Room,Pralka,smartthings,select,False,False
select.pralka_spin_level,Spin level,Storage Room,Pralka,smartthings,select,False,False
select.pralka_water_temperature,Water temperature,Storage Room,Pralka,smartthings,select,False,False
select.projector_socket_switch_type_button,Switch type button,,Projector socket,mqtt,select,False,False
select.set_max_electrical_add_47212,set max electrical add. (47212),Storage Room,BA-SVM 10-200/12 E,myuplink,select,False,False
select.slave_hall_switch_bedrooms_backlight_mode,Slave hall switch bedrooms Backlight mode,Hall,Slave hall switch bedrooms,zha,select,False,False
select.slave_hall_switch_bedrooms_power_on_state,Slave hall switch bedrooms Power on state,Hall,Slave hall switch bedrooms,zha,select,False,False
select.suszarka,,Storage Room,Suszarka,smartthings,select,False,False
select.top_led_controller_start_up_behavior_4,Power-on behaviour,Living Room,Top led controller,zha,select,False,False
select.tz3000_cauq1okq_ts0002_backlight_mode,Backlight mode,Hall,Hall stairs switch slave,zha,select,False,False
select.tz3000_cauq1okq_ts0002_backlight_mode_2,Backlight mode,Hall,Hall entrance rooms switches slave,zha,select,False,False
select.tz3000_cauq1okq_ts0002_backlight_mode_3,Backlight mode,Hall,Hall Storage switches slave,zha,select,False,False
select.tz3000_cauq1okq_ts0002_power_on_state,Power on state,Hall,Hall stairs switch slave,zha,select,False,False
select.tz3000_cauq1okq_ts0002_power_on_state_2,Power on state,Hall,Hall entrance rooms switches slave,zha,select,False,False
select.tz3000_cauq1okq_ts0002_power_on_state_3,Power on state,Hall,Hall Storage switches slave,zha,select,False,False
select.tz3000_fihacou0_ts0001_backlight_mode,Backlight mode,Storage Room,Storage Main light switch,zha,select,False,False
select.tz3000_fihacou0_ts0001_power_on_state,Power on state,Storage Room,Storage Main light switch,zha,select,False,False
select.tz3000_j0ktmul1_ts011f_backlight_mode,Backlight mode,Garden back,Sprinklers,zha,select,False,False
select.tz3000_j0ktmul1_ts011f_power_on_state,Power on state,Garden back,Sprinklers,zha,select,False,False
select.tz3000_kflqsrse_ts0003_backlight_mode_2,Backlight mode,Mezzanine,Mezzanine Main light switch,zha,select,False,False
select.tz3000_kflqsrse_ts0003_backlight_mode_3,Backlight mode,Mezzanine,Mezzanine Main light switch,zha,select,False,False
select.tz3000_kflqsrse_ts0003_backlight_mode_4,Backlight mode,Mezzanine,Mezzanine Main light switch,zha,select,False,False
select.tz3000_kflqsrse_ts0003_power_on_state_2,Power on state,Mezzanine,Mezzanine Main light switch,zha,select,False,False
select.tz3000_kflqsrse_ts0003_power_on_state_3,Power on state,Mezzanine,Mezzanine Main light switch,zha,select,False,False
select.tz3000_kflqsrse_ts0003_power_on_state_4,Power on state,Mezzanine,Mezzanine Main light switch,zha,select,False,False
select.tz3000_ptjcjise_ts0002_backlight_mode_2,Backlight mode,Zoe's Room,Zoe’s outside light switch,zha,select,False,False
select.tz3000_ptjcjise_ts0002_power_on_state_2,Power on state,Zoe's Room,Zoe’s outside light switch,zha,select,False,False
select.tz3000_rxlv8md7_ts0001_backlight_mode,Backlight mode,Garden back,Lamp switch,zha,select,False,False
select.tz3000_rxlv8md7_ts0001_power_on_state,Power on state,Garden back,Lamp switch,zha,select,False,False
select.vision_m_1_auto_schedule_boost,Auto schedule: Boost,Garden back,Vision M 1,landroid_cloud,select,True,False
select.vision_m_1_auto_schedule_grass_type,Auto schedule: Grass type,Garden back,Vision M 1,landroid_cloud,select,True,False
select.vision_m_1_auto_schedule_soil_type,Auto schedule: Soil type,Garden back,Vision M 1,landroid_cloud,select,True,False
select.vision_m_1_zone,Zone,Garden back,Vision M 1,landroid_cloud,select,True,False
select.vision_m_auto_schedule_boost,Auto schedule: Boost,Garden back,Vision Tyl,landroid_cloud,select,True,False
select.vision_m_auto_schedule_grass_type,Auto schedule: Grass type,Garden back,Vision Tyl,landroid_cloud,select,True,False
select.vision_m_auto_schedule_soil_type,Auto schedule: Soil type,Garden back,Vision Tyl,landroid_cloud,select,True,False
select.vision_m_zone,Zone,Garden back,Vision Tyl,landroid_cloud,select,True,False
select.zha_entrance_lights_backlight_mode,Zha Entrance lights Backlight mode,Entrance,Zha Entrance lights,zha,select,False,False
select.zha_entrance_lights_backlight_mode_2,Zha Entrance lights Backlight mode,Entrance,Zha Entrance lights,zha,select,False,False
select.zha_entrance_lights_backlight_mode_3,Zha Entrance lights Backlight mode,Entrance,Zha Entrance lights,zha,select,False,False
select.zha_entrance_lights_power_on_state,Zha Entrance lights Power on state,Entrance,Zha Entrance lights,zha,select,False,False
select.zha_entrance_lights_power_on_state_2,Zha Entrance lights Power on state,Entrance,Zha Entrance lights,zha,select,False,False
select.zha_entrance_lights_power_on_state_3,Zha Entrance lights Power on state,Entrance,Zha Entrance lights,zha,select,False,False
select.zha_s_entrance_lights_backlight_mode_4,Zha (S) Entrance lights Backlight mode,Entrance,Zha (S) Entrance lights,zha,select,False,False
select.zha_s_entrance_lights_backlight_mode_5,Zha (S) Entrance lights Backlight mode,Entrance,Zha (S) Entrance lights,zha,select,False,False
select.zha_s_entrance_lights_backlight_mode_6,Zha (S) Entrance lights Backlight mode,Entrance,Zha (S) Entrance lights,zha,select,False,False
select.zha_s_entrance_lights_power_on_state_4,Zha (S) Entrance lights Power on state,Entrance,Zha (S) Entrance lights,zha,select,False,False
select.zha_s_entrance_lights_power_on_state_5,Zha (S) Entrance lights Power on state,Entrance,Zha (S) Entrance lights,zha,select,False,False
select.zha_s_entrance_lights_power_on_state_6,Zha (S) Entrance lights Power on state,Entrance,Zha (S) Entrance lights,zha,select,False,False
select.zigbee2mqtt_bridge_log_level,Log level,,Zigbee2MQTT Bridge,mqtt,select,False,False
select.zoe_s_led_controller_start_up_behavior_2,Power-on behaviour,Zoe's Room,Zoe’s Led controller,zha,select,False,False
select.zoe_s_main_light_switch_backlight_mode,Zoe's main light switch Backlight mode,Zoe's Room,Zoe's main light switch,zha,select,False,False
select.zoe_s_main_light_switch_power_on_state,Zoe's main light switch Power on state,Zoe's Room,Zoe's main light switch,zha,select,False,False
sensor.0x0c2a6ffffe8f123b_battery,Battery,,Bathroom secondary switch,mqtt,sensor,False,False
sensor.0x0c2a6ffffe8f123b_linkquality,Linkquality,,Bathroom secondary switch,mqtt,sensor,True,False
sensor.0x5c0272fffe06eaf0_linkquality,Linkquality,,Atrium switch ZMQT,mqtt,sensor,True,False
sensor.0x5c0272fffe06eaf4_linkquality,Linkquality,,Bedroom main switch,mqtt,sensor,True,False
sensor.0xa4c13801067fe42c_current,Current,,Projector socket,mqtt,sensor,False,False
sensor.0xa4c13801067fe42c_energy,Energy,,Projector socket,mqtt,sensor,False,False
sensor.0xa4c13801067fe42c_linkquality,Linkquality,,Projector socket,mqtt,sensor,True,False
sensor.0xa4c13801067fe42c_power,Power,,Projector socket,mqtt,sensor,False,False
sensor.0xa4c13801067fe42c_voltage,Voltage,,Projector socket,mqtt,sensor,False,False
sensor.0xa4c13824536ce4eb_linkquality,Linkquality,,Bedroom atrium switch,mqtt,sensor,True,False
sensor.0xa4c138307eb25674_battery,Battery,,0xa4c138307eb25674,mqtt,sensor,False,False
sensor.0xa4c13832197c0e10_linkquality,Linkquality,,Kids Bathroom switch ZMQT,mqtt,sensor,True,False
sensor.0xa4c138d135dedc39_battery,Battery,Living Room,Living room presence detector,mqtt,sensor,False,False
sensor.0xa4c138d135dedc39_linkquality,Linkquality,Living Room,Living room presence detector,mqtt,sensor,True,False
sensor.0xa4c138d20e6456d4_linkquality,Linkquality,,Bathroom main switch,mqtt,sensor,True,False
sensor.0xa4c138da9dd2e3f6_battery,Battery,,Bathroom presence detector,mqtt,sensor,False,False
sensor.0xa4c138da9dd2e3f6_linkquality,Linkquality,,Bathroom presence detector,mqtt,sensor,True,False
sensor.0xa81710b9b1d10000_linkquality,Linkquality,,Porch led tub,mqtt,sensor,True,False
sensor.0xb4e3f9fffe1e4da0_linkquality,Linkquality,,Kids bathroom mirror switch,mqtt,sensor,True,False
sensor.1002656e12_humidity,Humidity,,NSPanel,mqtt,sensor,False,False
sensor.1002656e12_rssi,rssi,,NSPanel,mqtt,sensor,False,False
sensor.1002656e12_temperature,Temperature,,NSPanel,mqtt,sensor,False,False
sensor.aircast_cpu_percent,CPU percent,,AirCast,hassio,sensor,True,False
sensor.aircast_memory_percent,Memory percent,,AirCast,hassio,sensor,True,False
sensor.aircast_newest_version,Newest version,,AirCast,hassio,sensor,True,False
sensor.aircast_version,Version,,AirCast,hassio,sensor,True,False
sensor.ania_app_version,Ania App Version,,Ania,mobile_app,sensor,False,False
sensor.ania_audio_output,Ania Audio Output,,Ania,mobile_app,sensor,False,False
sensor.ania_battery_level,Ania Battery Level,,Ania,mobile_app,sensor,False,False
sensor.ania_battery_state,Ania Battery State,,Ania,mobile_app,sensor,False,False
sensor.ania_bssid,Ania BSSID,,Ania,mobile_app,sensor,False,False
sensor.ania_camera_stream,Ania Camera Stream,,Ania,mobile_app,sensor,False,False
sensor.ania_connection_type,Ania Connection Type,,Ania,mobile_app,sensor,False,False
sensor.ania_geocoded_location,Ania Geocoded Location,,Ania,mobile_app,sensor,False,False
sensor.ania_kiosk_brightness,Ania Kiosk Brightness,,Ania,mobile_app,sensor,False,False
sensor.ania_kiosk_volume,Ania Kiosk Volume,,Ania,mobile_app,sensor,False,False
sensor.ania_last_update_trigger,Ania Last Update Trigger,,Ania,mobile_app,sensor,False,False
sensor.ania_location_permission,Ania Location permission,,Ania,mobile_app,sensor,False,False
sensor.ania_sim_1,Ania SIM 1,,Ania,mobile_app,sensor,False,False
sensor.ania_sim_2,Ania SIM 2,,Ania,mobile_app,sensor,False,False
sensor.ania_ssid,Ania SSID,,Ania,mobile_app,sensor,False,False
sensor.ania_storage,Ania Storage,,Ania,mobile_app,sensor,False,False
sensor.appdaemon_cpu_percent,CPU percent,,AppDaemon,hassio,sensor,True,False
sensor.appdaemon_memory_percent,Memory percent,,AppDaemon,hassio,sensor,True,False
sensor.appdaemon_newest_version,Newest version,,AppDaemon,hassio,sensor,True,False
sensor.appdaemon_version,Version,,AppDaemon,hassio,sensor,True,False
sensor.atrium_ceiling_socket_current,Atrium ceiling socket Current,Garden back,Atrium ceiling socket,zha,sensor,False,False
sensor.atrium_ceiling_socket_power,Atrium ceiling socket Power,Garden back,Atrium ceiling socket,zha,sensor,False,False
sensor.atrium_ceiling_socket_summation_delivered,Atrium ceiling socket Summation delivered,Garden back,Atrium ceiling socket,zha,sensor,False,False
sensor.atrium_ceiling_socket_voltage,Atrium ceiling socket Voltage,Garden back,Atrium ceiling socket,zha,sensor,False,False
sensor.atrium_cpu_usage,CPU usage,Atrium,Atrium,reolink,sensor,True,False
sensor.atrium_day_night_state,Day night state,Atrium,Atrium,reolink,sensor,False,False
sensor.atrium_sd_0_storage,SD 0 storage,Atrium,Atrium,reolink,sensor,True,False
sensor.average_outdoor_temp_bt1_40067,Average outdoor temp (BT1) (40067),Storage Room,BA-SVM 10-200/12 E,myuplink,sensor,False,False
sensor.ba_svm_10_200_12_e_add_heat_bt63_40121,Add. heat (BT63) (40121),Storage Room,BA-SVM 10-200/12 E,myuplink,sensor,False,False
sensor.ba_svm_10_200_12_e_hot_water_offset_smart_price_adaption,Hot water offset (Smart Price Adaption) (44897),Storage Room,BA-SVM 10-200/12 E,myuplink,sensor,False,False
sensor.ba_svm_10_200_12_e_notifications,Notifications,Storage Room,BA-SVM 10-200/12 E,myuplink,sensor,False,False
sensor.ba_svm_10_200_12_e_status_2,status: (50113),Storage Room,BA-SVM 10-200/12 E,myuplink,sensor,False,False
sensor.backup_backup_manager_state,Backup Manager state,,Backup,backup,sensor,False,False
sensor.backup_last_attempted_automatic_backup,Last attempted automatic backup,,Backup,backup,sensor,False,False
sensor.backup_last_successful_automatic_backup,Last successful automatic backup,,Backup,backup,sensor,False,False
sensor.backup_next_scheduled_automatic_backup,Next scheduled automatic backup,,Backup,backup,sensor,False,False
sensor.bathroom_led_controller_lqi,LQI,Bathroom,Bathroom Led controller,zha,sensor,True,False
sensor.bathroom_led_controller_rssi,RSSI,Bathroom,Bathroom Led controller,zha,sensor,True,False
sensor.beam_led_controller_lqi_7,LQI,Living Room,Beam led controller,zha,sensor,True,False
sensor.beam_led_controller_rssi_7,RSSI,Living Room,Beam led controller,zha,sensor,True,False
sensor.bedroom_led_controller_lqi_4,LQI,Bedroom,Bedroom Led controller,zha,sensor,True,False
sensor.bedroom_led_controller_rssi_4,RSSI,Bedroom,Bedroom Led controller,zha,sensor,True,False
sensor.bedroom_presence_detector_linkquality,Linkquality,,0xa4c138307eb25674,mqtt,sensor,True,False
sensor.bt2170513121_device_id,BT2170513121 - Device ID,,BT2170513121,fusion_solar,sensor,False,False
sensor.bt2170513121_device_name,BT2170513121 - Device name,,BT2170513121,fusion_solar,sensor,False,False
sensor.bt2170513121_device_type,BT2170513121 - Device type,,BT2170513121,fusion_solar,sensor,False,False
sensor.bt2170513121_device_type_id,BT2170513121 - Device type ID,,BT2170513121,fusion_solar,sensor,False,False
sensor.bt2170513121_latitude,BT2170513121 - Latitude,,BT2170513121,fusion_solar,sensor,False,False
sensor.bt2170513121_longitude,BT2170513121 - Longitude,,BT2170513121,fusion_solar,sensor,False,False
sensor.bt2170513121_serial_number,BT2170513121 - Serial number,,BT2170513121,fusion_solar,sensor,False,False
sensor.bt2170513121_station_code,BT2170513121 - Station code,,BT2170513121,fusion_solar,sensor,False,False
sensor.bt2180260306_active_power,BT2180260306 - Active power,,BT2180260306,fusion_solar,sensor,False,False
sensor.bt2180260306_device_id,BT2180260306 - Device ID,,BT2180260306,fusion_solar,sensor,False,False
sensor.bt2180260306_device_name,BT2180260306 - Device name,,BT2180260306,fusion_solar,sensor,False,False
sensor.bt2180260306_device_type,BT2180260306 - Device type,,BT2180260306,fusion_solar,sensor,False,False
sensor.bt2180260306_device_type_id,BT2180260306 - Device type ID,,BT2180260306,fusion_solar,sensor,False,False
sensor.bt2180260306_grid_ab_voltage,BT2180260306 - Grid AB voltage,,BT2180260306,fusion_solar,sensor,False,False
sensor.bt2180260306_grid_bc_voltage,BT2180260306 - Grid BC voltage,,BT2180260306,fusion_solar,sensor,False,False
sensor.bt2180260306_grid_ca_voltage,BT2180260306 - Grid CA voltage,,BT2180260306,fusion_solar,sensor,False,False
sensor.bt2180260306_grid_frequency,BT2180260306 - Grid frequency,,BT2180260306,fusion_solar,sensor,False,False
sensor.bt2180260306_inverter_efficiency_manufacturer,BT2180260306 - Inverter efficiency % (manufacturer),,BT2180260306,fusion_solar,sensor,False,False
sensor.bt2180260306_inverter_internal_temperature,BT2180260306 - Inverter internal temperature,,BT2180260306,fusion_solar,sensor,False,False
sensor.bt2180260306_inverter_model,BT2180260306 - Inverter model,,BT2180260306,fusion_solar,sensor,False,False
sensor.bt2180260306_inverter_shutdown_time,BT2180260306 - Inverter shutdown time,,BT2180260306,fusion_solar,sensor,False,False
sensor.bt2180260306_inverter_startup_time,BT2180260306 - Inverter startup time,,BT2180260306,fusion_solar,sensor,False,False
sensor.bt2180260306_inverter_status,BT2180260306 - Inverter status,,BT2180260306,fusion_solar,sensor,False,False
sensor.bt2180260306_latitude,BT2180260306 - Latitude,,BT2180260306,fusion_solar,sensor,False,False
sensor.bt2180260306_longitude,BT2180260306 - Longitude,,BT2180260306,fusion_solar,sensor,False,False
sensor.bt2180260306_mppt_10_dc_total_yield,BT2180260306 - MPPT 10 DC total yield,,BT2180260306,fusion_solar,sensor,False,False
sensor.bt2180260306_mppt_1_dc_total_yield,BT2180260306 - MPPT 1 DC total yield,,BT2180260306,fusion_solar,sensor,False,False
sensor.bt2180260306_mppt_2_dc_total_yield,BT2180260306 - MPPT 2 DC total yield,,BT2180260306,fusion_solar,sensor,False,False
sensor.bt2180260306_mppt_3_dc_total_yield,BT2180260306 - MPPT 3 DC total yield,,BT2180260306,fusion_solar,sensor,False,False
sensor.bt2180260306_mppt_4_dc_total_yield,BT2180260306 - MPPT 4 DC total yield,,BT2180260306,fusion_solar,sensor,False,False
sensor.bt2180260306_mppt_5_dc_total_yield,BT2180260306 - MPPT 5 DC total yield,,BT2180260306,fusion_solar,sensor,False,False
sensor.bt2180260306_mppt_6_dc_total_yield,BT2180260306 - MPPT 6 DC total yield,,BT2180260306,fusion_solar,sensor,False,False
sensor.bt2180260306_mppt_7_dc_total_yield,BT2180260306 - MPPT 7 DC total yield,,BT2180260306,fusion_solar,sensor,False,False
sensor.bt2180260306_mppt_8_dc_total_yield,BT2180260306 - MPPT 8 DC total yield,,BT2180260306,fusion_solar,sensor,False,False
sensor.bt2180260306_mppt_9_dc_total_yield,BT2180260306 - MPPT 9 DC total yield,,BT2180260306,fusion_solar,sensor,False,False
sensor.bt2180260306_mppt_total_input_power,BT2180260306 - MPPT total input power,,BT2180260306,fusion_solar,sensor,False,False
sensor.bt2180260306_phase_a_current,BT2180260306 - Phase A current,,BT2180260306,fusion_solar,sensor,False,False
sensor.bt2180260306_phase_a_voltage,BT2180260306 - Phase A voltage,,BT2180260306,fusion_solar,sensor,False,False
sensor.bt2180260306_phase_b_current,BT2180260306 - Phase B current,,BT2180260306,fusion_solar,sensor,False,False
sensor.bt2180260306_phase_b_voltage,BT2180260306 - Phase B voltage,,BT2180260306,fusion_solar,sensor,False,False
sensor.bt2180260306_phase_c_current,BT2180260306 - Phase C current,,BT2180260306,fusion_solar,sensor,False,False
sensor.bt2180260306_phase_c_voltage,BT2180260306 - Phase C voltage,,BT2180260306,fusion_solar,sensor,False,False
sensor.bt2180260306_power_factor,BT2180260306 - Power factor,,BT2180260306,fusion_solar,sensor,False,False
sensor.bt2180260306_pv10_input_current,BT2180260306 - PV10 input current,,BT2180260306,fusion_solar,sensor,False,False
sensor.bt2180260306_pv10_input_voltage,BT2180260306 - PV10 input voltage,,BT2180260306,fusion_solar,sensor,False,False
sensor.bt2180260306_pv11_input_current,BT2180260306 - PV11 input current,,BT2180260306,fusion_solar,sensor,False,False
sensor.bt2180260306_pv11_input_voltage,BT2180260306 - PV11 input voltage,,BT2180260306,fusion_solar,sensor,False,False
sensor.bt2180260306_pv12_input_current,BT2180260306 - PV12 input current,,BT2180260306,fusion_solar,sensor,False,False
sensor.bt2180260306_pv12_input_voltage,BT2180260306 - PV12 input voltage,,BT2180260306,fusion_solar,sensor,False,False
sensor.bt2180260306_pv13_input_current,BT2180260306 - PV13 input current,,BT2180260306,fusion_solar,sensor,False,False
sensor.bt2180260306_pv13_input_voltage,BT2180260306 - PV13 input voltage,,BT2180260306,fusion_solar,sensor,False,False
sensor.bt2180260306_pv14_input_current,BT2180260306 - PV14 input current,,BT2180260306,fusion_solar,sensor,False,False
sensor.bt2180260306_pv14_input_voltage,BT2180260306 - PV14 input voltage,,BT2180260306,fusion_solar,sensor,False,False
sensor.bt2180260306_pv15_input_current,BT2180260306 - PV15 input current,,BT2180260306,fusion_solar,sensor,False,False
sensor.bt2180260306_pv15_input_voltage,BT2180260306 - PV15 input voltage,,BT2180260306,fusion_solar,sensor,False,False
sensor.bt2180260306_pv16_input_current,BT2180260306 - PV16 input current,,BT2180260306,fusion_solar,sensor,False,False
sensor.bt2180260306_pv16_input_voltage,BT2180260306 - PV16 input voltage,,BT2180260306,fusion_solar,sensor,False,False
sensor.bt2180260306_pv17_input_current,BT2180260306 - PV17 input current,,BT2180260306,fusion_solar,sensor,False,False
sensor.bt2180260306_pv17_input_voltage,BT2180260306 - PV17 input voltage,,BT2180260306,fusion_solar,sensor,False,False
sensor.bt2180260306_pv18_input_current,BT2180260306 - PV18 input current,,BT2180260306,fusion_solar,sensor,False,False
sensor.bt2180260306_pv18_input_voltage,BT2180260306 - PV18 input voltage,,BT2180260306,fusion_solar,sensor,False,False
sensor.bt2180260306_pv19_input_current,BT2180260306 - PV19 input current,,BT2180260306,fusion_solar,sensor,False,False
sensor.bt2180260306_pv19_input_voltage,BT2180260306 - PV19 input voltage,,BT2180260306,fusion_solar,sensor,False,False
sensor.bt2180260306_pv1_input_current,BT2180260306 - PV1 input current,,BT2180260306,fusion_solar,sensor,False,False
sensor.bt2180260306_pv1_input_voltage,BT2180260306 - PV1 input voltage,,BT2180260306,fusion_solar,sensor,False,False
sensor.bt2180260306_pv20_input_current,BT2180260306 - PV20 input current,,BT2180260306,fusion_solar,sensor,False,False
sensor.bt2180260306_pv20_input_voltage,BT2180260306 - PV20 input voltage,,BT2180260306,fusion_solar,sensor,False,False
sensor.bt2180260306_pv21_input_current,BT2180260306 - PV21 input current,,BT2180260306,fusion_solar,sensor,False,False
sensor.bt2180260306_pv21_input_voltage,BT2180260306 - PV21 input voltage,,BT2180260306,fusion_solar,sensor,False,False
sensor.bt2180260306_pv22_input_current,BT2180260306 - PV22 input current,,BT2180260306,fusion_solar,sensor,False,False
sensor.bt2180260306_pv22_input_voltage,BT2180260306 - PV22 input voltage,,BT2180260306,fusion_solar,sensor,False,False
sensor.bt2180260306_pv23_input_current,BT2180260306 - PV23 input current,,BT2180260306,fusion_solar,sensor,False,False
sensor.bt2180260306_pv23_input_voltage,BT2180260306 - PV23 input voltage,,BT2180260306,fusion_solar,sensor,False,False
sensor.bt2180260306_pv24_input_current,BT2180260306 - PV24 input current,,BT2180260306,fusion_solar,sensor,False,False
sensor.bt2180260306_pv24_input_voltage,BT2180260306 - PV24 input voltage,,BT2180260306,fusion_solar,sensor,False,False
sensor.bt2180260306_pv2_input_current,BT2180260306 - PV2 input current,,BT2180260306,fusion_solar,sensor,False,False
sensor.bt2180260306_pv2_input_voltage,BT2180260306 - PV2 input voltage,,BT2180260306,fusion_solar,sensor,False,False
sensor.bt2180260306_pv3_input_current,BT2180260306 - PV3 input current,,BT2180260306,fusion_solar,sensor,False,False
sensor.bt2180260306_pv3_input_voltage,BT2180260306 - PV3 input voltage,,BT2180260306,fusion_solar,sensor,False,False
sensor.bt2180260306_pv4_input_current,BT2180260306 - PV4 input current,,BT2180260306,fusion_solar,sensor,False,False
sensor.bt2180260306_pv4_input_voltage,BT2180260306 - PV4 input voltage,,BT2180260306,fusion_solar,sensor,False,False
sensor.bt2180260306_pv5_input_current,BT2180260306 - PV5 input current,,BT2180260306,fusion_solar,sensor,False,False
sensor.bt2180260306_pv5_input_voltage,BT2180260306 - PV5 input voltage,,BT2180260306,fusion_solar,sensor,False,False
sensor.bt2180260306_pv6_input_current,BT2180260306 - PV6 input current,,BT2180260306,fusion_solar,sensor,False,False
sensor.bt2180260306_pv6_input_voltage,BT2180260306 - PV6 input voltage,,BT2180260306,fusion_solar,sensor,False,False
sensor.bt2180260306_pv7_input_current,BT2180260306 - PV7 input current,,BT2180260306,fusion_solar,sensor,False,False
sensor.bt2180260306_pv7_input_voltage,BT2180260306 - PV7 input voltage,,BT2180260306,fusion_solar,sensor,False,False
sensor.bt2180260306_pv8_input_current,BT2180260306 - PV8 input current,,BT2180260306,fusion_solar,sensor,False,False
sensor.bt2180260306_pv8_input_voltage,BT2180260306 - PV8 input voltage,,BT2180260306,fusion_solar,sensor,False,False
sensor.bt2180260306_pv9_input_current,BT2180260306 - PV9 input current,,BT2180260306,fusion_solar,sensor,False,False
sensor.bt2180260306_pv9_input_voltage,BT2180260306 - PV9 input voltage,,BT2180260306,fusion_solar,sensor,False,False
sensor.bt2180260306_reactive_output_power,BT2180260306 - Reactive output power,,BT2180260306,fusion_solar,sensor,False,False
sensor.bt2180260306_realtime_power,BT2180260306 - Realtime Power,,BT2180260306,fusion_solar,sensor,False,False
sensor.bt2180260306_serial_number,BT2180260306 - Serial number,,BT2180260306,fusion_solar,sensor,False,False
sensor.bt2180260306_station_code,BT2180260306 - Station code,,BT2180260306,fusion_solar,sensor,False,False
sensor.bt2180260306_status,BT2180260306 - Status,,BT2180260306,fusion_solar,sensor,False,False
sensor.bt2180260306_total_yield,BT2180260306 - Total yield,,BT2180260306,fusion_solar,sensor,False,False
sensor.bt2180260306_total_yield_compensation,,,,energy,sensor,False,True
sensor.bt2180260306_total_yield_compensation_2,,,,energy,sensor,False,True
sensor.bt2180260306_yield_today,BT2180260306 - Yield Today,,BT2180260306,fusion_solar,sensor,False,False
sensor.bt2180260306_yield_today_cost,,,,energy,sensor,False,True
sensor.cabinet_led_controller_lqi_3,LQI,Kitchen,Cabinet led controller,zha,sensor,True,False
sensor.cabinet_led_controller_rssi_3,RSSI,Kitchen,Cabinet led controller,zha,sensor,True,False
sensor.calculated_supply_climate_system_1_43009,Calculated supply climate system 1 (43009),Storage Room,BA-SVM 10-200/12 E,myuplink,sensor,False,False
sensor.changeme_changeme_cluster_leader,changeme Cluster Leader,,changeme,mqtt,sensor,False,False
sensor.changeme_changeme_cluster_size,changeme Cluster Size,,changeme,mqtt,sensor,False,False
sensor.christmas_tree_current,Current,Living Room,christmas tree,tuya,sensor,False,False
sensor.christmas_tree_power,Power,Living Room,christmas tree,tuya,sensor,False,False
sensor.christmas_tree_voltage,Voltage,Living Room,christmas tree,tuya,sensor,False,False
sensor.closet_left_door_battery,Battery,Entrance,Closet left door,zha,sensor,False,False
sensor.closet_right_door_battery,Battery,Entrance,Closet right door,zha,sensor,False,False
sensor.cooling_permitted_48241,cooling permitted (48241),Storage Room,BA-SVM 10-200/12 E,myuplink,sensor,False,False
sensor.current_be1_40083,Current (BE1) (40083),Storage Room,BA-SVM 10-200/12 E,myuplink,sensor,False,False
sensor.current_be2_40081,Current (BE2) (40081),Storage Room,BA-SVM 10-200/12 E,myuplink,sensor,False,False
sensor.current_be3_40079,Current (BE3) (40079),Storage Room,BA-SVM 10-200/12 E,myuplink,sensor,False,False
sensor.current_hot_water_mode_43109,Current hot water mode (43109),Storage Room,BA-SVM 10-200/12 E,myuplink,sensor,False,False
sensor.current_temperature_system_1_50225,Current temperature system 1 (50225),Storage Room,BA-SVM 10-200/12 E,myuplink,sensor,False,False
sensor.degree_minutes_40941,Degree minutes (40941),Storage Room,BA-SVM 10-200/12 E,myuplink,sensor,False,False
sensor.dp_2_0_tovjx577523_0c3a_estimated_distance,Estimated distance,,DP_2_0_TOVJX577523  0C3A,ibeacon,sensor,False,False
sensor.dp_2_0_tovjx577523_0c3a_power,Power,,DP_2_0_TOVJX577523  0C3A,ibeacon,sensor,True,False
sensor.dp_2_0_tovjx577523_0c3a_signal_strength,Signal strength,,DP_2_0_TOVJX577523  0C3A,ibeacon,sensor,True,False
sensor.dp_2_0_tovjx577523_0c3a_vendor,Vendor,,DP_2_0_TOVJX577523  0C3A,ibeacon,sensor,True,False
sensor.drawer_sensor_battery,Drawer sensor Battery,Kitchen,Drawer sensor,zha,sensor,False,False
sensor.drawer_switch_current,Current,Kitchen,Drawer switch,tuya,sensor,True,False
sensor.drawer_switch_power,Power,Kitchen,Drawer switch,tuya,sensor,True,False
sensor.drawer_switch_voltage,Voltage,Kitchen,Drawer switch,tuya,sensor,True,False
sensor.drzwi_lazienka_sonoff_a48001189a_battery,drzwi lazienka Battery,,drzwi lazienka,sonoff,sensor,False,False
sensor.drzwi_lazienka_sonoff_a48001189a_connection,drzwi lazienka Connection,,drzwi lazienka,sonoff,sensor,True,False
sensor.energy_current_hour,Estimated energy production - this hour,Garden back,Solar production forecast,forecast_solar,sensor,False,False
sensor.energy_next_hour,Estimated energy production - next hour,Garden back,Solar production forecast,forecast_solar,sensor,False,False
sensor.energy_production_today,Estimated energy production - today,Garden back,Solar production forecast,forecast_solar,sensor,False,False
sensor.energy_production_today_remaining,Estimated energy production - remaining today,Garden back,Solar production forecast,forecast_solar,sensor,False,False
sensor.energy_production_tomorrow,Estimated energy production - tomorrow,Garden back,Solar production forecast,forecast_solar,sensor,False,False
sensor.entrance_motion_sensor_battery,Entrance Motion Sensor Battery,Entrance,Entrance Motion Sensor,zha,sensor,False,False
sensor.ewelink_ck_bl702_al_01_7009_z102lg03_1_lqi,LQI,Garden back,Porch led 2 hs,zha,sensor,True,False
sensor.ewelink_ck_bl702_al_01_7009_z102lg03_1_lqi_2,LQI,Garden back,Porch led 4 atrium,zha,sensor,True,False
sensor.ewelink_ck_bl702_al_01_7009_z102lg03_1_lqi_3,LQI,Garden back,Porch Led 5 hottub,zha,sensor,True,False
sensor.ewelink_ck_bl702_al_01_7009_z102lg03_1_lqi_4,LQI,Garden back,Porch led 3 swing,zha,sensor,True,False
sensor.ewelink_ck_bl702_al_01_7009_z102lg03_1_lqi_5,LQI,Garden back,Porch Led 1 corner,zha,sensor,True,False
sensor.ewelink_ck_bl702_al_01_7009_z102lg03_1_rssi,RSSI,Garden back,Porch led 2 hs,zha,sensor,True,False
sensor.ewelink_ck_bl702_al_01_7009_z102lg03_1_rssi_2,RSSI,Garden back,Porch led 4 atrium,zha,sensor,True,False
sensor.ewelink_ck_bl702_al_01_7009_z102lg03_1_rssi_3,RSSI,Garden back,Porch Led 5 hottub,zha,sensor,True,False
sensor.ewelink_ck_bl702_al_01_7009_z102lg03_1_rssi_4,RSSI,Garden back,Porch led 3 swing,zha,sensor,True,False
sensor.ewelink_ck_bl702_al_01_7009_z102lg03_1_rssi_5,RSSI,Garden back,Porch Led 1 corner,zha,sensor,True,False
sensor.ewelink_smart_home_cpu_percent,CPU percent,,eWeLink Smart Home,hassio,sensor,True,False
sensor.ewelink_smart_home_memory_percent,Memory percent,,eWeLink Smart Home,hassio,sensor,True,False
sensor.ewelink_smart_home_newest_version,Newest version,,eWeLink Smart Home,hassio,sensor,True,False
sensor.ewelink_smart_home_version,Version,,eWeLink Smart Home,hassio,sensor,True,False
sensor.external_return_line_bt71_40152,External return line (BT71) (40152),Storage Room,BA-SVM 10-200/12 E,myuplink,sensor,False,False
sensor.external_supply_line_bt25_40071,External supply line (BT25) (40071),Storage Room,BA-SVM 10-200/12 E,myuplink,sensor,False,False
sensor.file_editor_cpu_percent,CPU percent,,File editor,hassio,sensor,True,False
sensor.file_editor_memory_percent,Memory percent,,File editor,hassio,sensor,True,False
sensor.file_editor_newest_version,Newest version,,File editor,hassio,sensor,True,False
sensor.file_editor_version,Version,,File editor,hassio,sensor,True,False
sensor.galaxy_watch6_classic_k11d_activity_state,Galaxy Watch6 Classic (K11D) Activity state,,Galaxy Watch6 Classic (K11D),mobile_app,sensor,True,False
sensor.galaxy_watch6_classic_k11d_app_importance,Galaxy Watch6 Classic (K11D) App importance,,Galaxy Watch6 Classic (K11D),mobile_app,sensor,True,False
sensor.galaxy_watch6_classic_k11d_app_memory,Galaxy Watch6 Classic (K11D) App memory,,Galaxy Watch6 Classic (K11D),mobile_app,sensor,True,False
sensor.galaxy_watch6_classic_k11d_app_rx_gb,Galaxy Watch6 Classic (K11D) App Rx GB,,Galaxy Watch6 Classic (K11D),mobile_app,sensor,True,False
sensor.galaxy_watch6_classic_k11d_app_standby_bucket,Galaxy Watch6 Classic (K11D) App standby bucket,,Galaxy Watch6 Classic (K11D),mobile_app,sensor,True,False
sensor.galaxy_watch6_classic_k11d_app_tx_gb,Galaxy Watch6 Classic (K11D) App Tx GB,,Galaxy Watch6 Classic (K11D),mobile_app,sensor,True,False
sensor.galaxy_watch6_classic_k11d_audio_mode,Galaxy Watch6 Classic (K11D) Audio mode,,Galaxy Watch6 Classic (K11D),mobile_app,sensor,True,False
sensor.galaxy_watch6_classic_k11d_battery_cycle_count,Galaxy Watch6 Classic (K11D) Battery cycle count,,Galaxy Watch6 Classic (K11D),mobile_app,sensor,True,False
sensor.galaxy_watch6_classic_k11d_battery_health,Galaxy Watch6 Classic (K11D) Battery health,,Galaxy Watch6 Classic (K11D),mobile_app,sensor,True,False
sensor.galaxy_watch6_classic_k11d_battery_level,Galaxy Watch6 Classic (K11D) Battery level,,Galaxy Watch6 Classic (K11D),mobile_app,sensor,False,False
sensor.galaxy_watch6_classic_k11d_battery_power,Galaxy Watch6 Classic (K11D) Battery power,,Galaxy Watch6 Classic (K11D),mobile_app,sensor,True,False
sensor.galaxy_watch6_classic_k11d_battery_state,Galaxy Watch6 Classic (K11D) Battery state,,Galaxy Watch6 Classic (K11D),mobile_app,sensor,False,False
sensor.galaxy_watch6_classic_k11d_battery_temperature,Galaxy Watch6 Classic (K11D) Battery temperature,,Galaxy Watch6 Classic (K11D),mobile_app,sensor,True,False
sensor.galaxy_watch6_classic_k11d_beacon_monitor,Galaxy Watch6 Classic (K11D) Beacon monitor,,Galaxy Watch6 Classic (K11D),mobile_app,sensor,True,False
sensor.galaxy_watch6_classic_k11d_ble_transmitter,Galaxy Watch6 Classic (K11D) BLE transmitter,,Galaxy Watch6 Classic (K11D),mobile_app,sensor,True,False
sensor.galaxy_watch6_classic_k11d_bluetooth_connection,Galaxy Watch6 Classic (K11D) Bluetooth connection,,Galaxy Watch6 Classic (K11D),mobile_app,sensor,True,False
sensor.galaxy_watch6_classic_k11d_charger_type,Galaxy Watch6 Classic (K11D) Charger type,,Galaxy Watch6 Classic (K11D),mobile_app,sensor,False,False
sensor.galaxy_watch6_classic_k11d_current_time_zone,Galaxy Watch6 Classic (K11D) Current time zone,,Galaxy Watch6 Classic (K11D),mobile_app,sensor,True,False
sensor.galaxy_watch6_classic_k11d_current_version,Galaxy Watch6 Classic (K11D) Current version,,Galaxy Watch6 Classic (K11D),mobile_app,sensor,True,False
sensor.galaxy_watch6_classic_k11d_daily_calories,Galaxy Watch6 Classic (K11D) Daily calories,,Galaxy Watch6 Classic (K11D),mobile_app,sensor,True,False
sensor.galaxy_watch6_classic_k11d_daily_distance,Galaxy Watch6 Classic (K11D) Daily distance,,Galaxy Watch6 Classic (K11D),mobile_app,sensor,True,False
sensor.galaxy_watch6_classic_k11d_daily_floors,Galaxy Watch6 Classic (K11D) Daily floors,,Galaxy Watch6 Classic (K11D),mobile_app,sensor,True,False
sensor.galaxy_watch6_classic_k11d_daily_steps,Galaxy Watch6 Classic (K11D) Daily steps,,Galaxy Watch6 Classic (K11D),mobile_app,sensor,True,False
sensor.galaxy_watch6_classic_k11d_do_not_disturb_sensor,Galaxy Watch6 Classic (K11D) Do Not Disturb sensor,,Galaxy Watch6 Classic (K11D),mobile_app,sensor,True,False
sensor.galaxy_watch6_classic_k11d_external_storage,Galaxy Watch6 Classic (K11D) External storage,,Galaxy Watch6 Classic (K11D),mobile_app,sensor,True,False
sensor.galaxy_watch6_classic_k11d_heart_rate,Galaxy Watch6 Classic (K11D) Heart rate,,Galaxy Watch6 Classic (K11D),mobile_app,sensor,True,False
sensor.galaxy_watch6_classic_k11d_internal_storage,Galaxy Watch6 Classic (K11D) Internal storage,,Galaxy Watch6 Classic (K11D),mobile_app,sensor,True,False
sensor.galaxy_watch6_classic_k11d_ipv6_addresses,Galaxy Watch6 Classic (K11D) IPv6 addresses,,Galaxy Watch6 Classic (K11D),mobile_app,sensor,True,False
sensor.galaxy_watch6_classic_k11d_last_reboot,Galaxy Watch6 Classic (K11D) Last reboot,,Galaxy Watch6 Classic (K11D),mobile_app,sensor,True,False
sensor.galaxy_watch6_classic_k11d_last_update_trigger,Galaxy Watch6 Classic (K11D) Last update trigger,,Galaxy Watch6 Classic (K11D),mobile_app,sensor,True,False
sensor.galaxy_watch6_classic_k11d_light_sensor,Galaxy Watch6 Classic (K11D) Light sensor,,Galaxy Watch6 Classic (K11D),mobile_app,sensor,True,False
sensor.galaxy_watch6_classic_k11d_network_type,Galaxy Watch6 Classic (K11D) Network type,,Galaxy Watch6 Classic (K11D),mobile_app,sensor,True,False
sensor.galaxy_watch6_classic_k11d_next_alarm,Galaxy Watch6 Classic (K11D) Next alarm,,Galaxy Watch6 Classic (K11D),mobile_app,sensor,True,False
sensor.galaxy_watch6_classic_k11d_os_version,Galaxy Watch6 Classic (K11D) OS version,,Galaxy Watch6 Classic (K11D),mobile_app,sensor,True,False
sensor.galaxy_watch6_classic_k11d_pressure_sensor,Galaxy Watch6 Classic (K11D) Pressure sensor,,Galaxy Watch6 Classic (K11D),mobile_app,sensor,True,False
sensor.galaxy_watch6_classic_k11d_public_ip_address,Galaxy Watch6 Classic (K11D) Public IP address,,Galaxy Watch6 Classic (K11D),mobile_app,sensor,True,False
sensor.galaxy_watch6_classic_k11d_remaining_charge_time,Galaxy Watch6 Classic (K11D) Remaining charge time,,Galaxy Watch6 Classic (K11D),mobile_app,sensor,True,False
sensor.galaxy_watch6_classic_k11d_ringer_mode,Galaxy Watch6 Classic (K11D) Ringer mode,,Galaxy Watch6 Classic (K11D),mobile_app,sensor,True,False
sensor.galaxy_watch6_classic_k11d_screen_brightness,Galaxy Watch6 Classic (K11D) Screen brightness,,Galaxy Watch6 Classic (K11D),mobile_app,sensor,True,False
sensor.galaxy_watch6_classic_k11d_screen_off_timeout,Galaxy Watch6 Classic (K11D) Screen off timeout,,Galaxy Watch6 Classic (K11D),mobile_app,sensor,True,False
sensor.galaxy_watch6_classic_k11d_screen_orientation,Galaxy Watch6 Classic (K11D) Screen orientation,,Galaxy Watch6 Classic (K11D),mobile_app,sensor,True,False
sensor.galaxy_watch6_classic_k11d_screen_rotation,Galaxy Watch6 Classic (K11D) Screen rotation,,Galaxy Watch6 Classic (K11D),mobile_app,sensor,True,False
sensor.galaxy_watch6_classic_k11d_security_patch,Galaxy Watch6 Classic (K11D) Security patch,,Galaxy Watch6 Classic (K11D),mobile_app,sensor,True,False
sensor.galaxy_watch6_classic_k11d_steps_sensor,Galaxy Watch6 Classic (K11D) Steps sensor,,Galaxy Watch6 Classic (K11D),mobile_app,sensor,True,False
sensor.galaxy_watch6_classic_k11d_total_rx_gb,Galaxy Watch6 Classic (K11D) Total Rx GB,,Galaxy Watch6 Classic (K11D),mobile_app,sensor,True,False
sensor.galaxy_watch6_classic_k11d_total_tx_gb,Galaxy Watch6 Classic (K11D) Total Tx GB,,Galaxy Watch6 Classic (K11D),mobile_app,sensor,True,False
sensor.galaxy_watch6_classic_k11d_volume_level_accessibility,Galaxy Watch6 Classic (K11D) Volume level accessibility,,Galaxy Watch6 Classic (K11D),mobile_app,sensor,True,False
sensor.galaxy_watch6_classic_k11d_volume_level_alarm,Galaxy Watch6 Classic (K11D) Volume level alarm,,Galaxy Watch6 Classic (K11D),mobile_app,sensor,True,False
sensor.galaxy_watch6_classic_k11d_volume_level_call,Galaxy Watch6 Classic (K11D) Volume level call,,Galaxy Watch6 Classic (K11D),mobile_app,sensor,True,False
sensor.galaxy_watch6_classic_k11d_volume_level_dtmf,Galaxy Watch6 Classic (K11D) Volume level DTMF,,Galaxy Watch6 Classic (K11D),mobile_app,sensor,True,False
sensor.galaxy_watch6_classic_k11d_volume_level_music,Galaxy Watch6 Classic (K11D) Volume level music,,Galaxy Watch6 Classic (K11D),mobile_app,sensor,True,False
sensor.galaxy_watch6_classic_k11d_volume_level_notification,Galaxy Watch6 Classic (K11D) Volume level notification,,Galaxy Watch6 Classic (K11D),mobile_app,sensor,True,False
sensor.galaxy_watch6_classic_k11d_volume_level_ringer,Galaxy Watch6 Classic (K11D) Volume level ringer,,Galaxy Watch6 Classic (K11D),mobile_app,sensor,True,False
sensor.galaxy_watch6_classic_k11d_volume_level_system,Galaxy Watch6 Classic (K11D) Volume level system,,Galaxy Watch6 Classic (K11D),mobile_app,sensor,True,False
sensor.galaxy_watch6_classic_k11d_wi_fi_bssid,Galaxy Watch6 Classic (K11D) Wi-Fi BSSID,,Galaxy Watch6 Classic (K11D),mobile_app,sensor,True,False
sensor.galaxy_watch6_classic_k11d_wi_fi_connection,Galaxy Watch6 Classic (K11D) Wi-Fi connection,,Galaxy Watch6 Classic (K11D),mobile_app,sensor,True,False
sensor.galaxy_watch6_classic_k11d_wi_fi_frequency,Galaxy Watch6 Classic (K11D) Wi-Fi frequency,,Galaxy Watch6 Classic (K11D),mobile_app,sensor,True,False
sensor.galaxy_watch6_classic_k11d_wi_fi_ip_address,Galaxy Watch6 Classic (K11D) Wi-Fi IP address,,Galaxy Watch6 Classic (K11D),mobile_app,sensor,True,False
sensor.galaxy_watch6_classic_k11d_wi_fi_link_speed,Galaxy Watch6 Classic (K11D) Wi-Fi link speed,,Galaxy Watch6 Classic (K11D),mobile_app,sensor,True,False
sensor.galaxy_watch6_classic_k11d_wi_fi_signal_strength,Galaxy Watch6 Classic (K11D) Wi-Fi signal strength,,Galaxy Watch6 Classic (K11D),mobile_app,sensor,True,False
sensor.garage_door_sensor_battery,Battery,Garage,Garage door sensor,zha,sensor,False,False
sensor.garage_door_sensor_lqi_2,LQI,Garage,Garage door sensor,zha,sensor,True,False
sensor.garage_door_sensor_rssi_2,RSSI,Garage,Garage door sensor,zha,sensor,True,False
sensor.garage_motion_sensor_battery_2,Battery,Garage,Garage motion sensor,zha,sensor,False,False
sensor.garmin_connect,,Bedroom,Garmin Connect,garmin_connect,sensor,False,False
sensor.garmin_connect_2,,Bedroom,Garmin Connect,garmin_connect,sensor,False,False
sensor.garmin_connect_3,,Bedroom,Garmin Connect,garmin_connect,sensor,False,False
sensor.garmin_connect_7_day_average_resting_heart_rate,7-day average resting heart rate,Bedroom,Garmin Connect,garmin_connect,sensor,False,False
sensor.garmin_connect_abnormal_heart_rate_alerts,Abnormal heart rate alerts,Bedroom,Garmin Connect,garmin_connect,sensor,False,False
sensor.garmin_connect_achievable_fitness_age,Achievable fitness age,Bedroom,Garmin Connect,garmin_connect,sensor,False,False
sensor.garmin_connect_active_calories,Active calories,Bedroom,Garmin Connect,garmin_connect,sensor,False,False
sensor.garmin_connect_active_goals,Active goals,Bedroom,Garmin Connect,garmin_connect,sensor,False,False
sensor.garmin_connect_active_time,Active time,Bedroom,Garmin Connect,garmin_connect,sensor,False,False
sensor.garmin_connect_activity_stress_duration,Activity stress duration,Bedroom,Garmin Connect,garmin_connect,sensor,False,False
sensor.garmin_connect_activity_stress_percentage,Activity stress percentage,Bedroom,Garmin Connect,garmin_connect,sensor,False,False
sensor.garmin_connect_average_altitude,Average altitude,Bedroom,Garmin Connect,garmin_connect,sensor,False,False
sensor.garmin_connect_average_spo2,Average SpO2,Bedroom,Garmin Connect,garmin_connect,sensor,False,False
sensor.garmin_connect_average_stress_level,Average stress level,Bedroom,Garmin Connect,garmin_connect,sensor,False,False
sensor.garmin_connect_awake_duration,Awake duration,Bedroom,Garmin Connect,garmin_connect,sensor,False,False
sensor.garmin_connect_awake_time,Awake time,Bedroom,Garmin Connect,garmin_connect,sensor,False,False
sensor.garmin_connect_badges,Badges,Bedroom,Garmin Connect,garmin_connect,sensor,False,False
sensor.garmin_connect_bedtime,Bedtime,Bedroom,Garmin Connect,garmin_connect,sensor,False,False
sensor.garmin_connect_blood_pressure_category,Blood pressure category,Bedroom,Garmin Connect,garmin_connect,sensor,False,False
sensor.garmin_connect_blood_pressure_diastolic,Blood pressure diastolic,Bedroom,Garmin Connect,garmin_connect,sensor,False,False
sensor.garmin_connect_blood_pressure_pulse,Blood pressure pulse,Bedroom,Garmin Connect,garmin_connect,sensor,False,False
sensor.garmin_connect_blood_pressure_systolic,Blood pressure systolic,Bedroom,Garmin Connect,garmin_connect,sensor,False,False
sensor.garmin_connect_bmi,BMI,Bedroom,Garmin Connect,garmin_connect,sensor,False,False
sensor.garmin_connect_bmr_calories,BMR calories,Bedroom,Garmin Connect,garmin_connect,sensor,False,False
sensor.garmin_connect_body_battery,Body battery,Bedroom,Garmin Connect,garmin_connect,sensor,False,False
sensor.garmin_connect_body_battery_charged,Body battery charged,Bedroom,Garmin Connect,garmin_connect,sensor,False,False
sensor.garmin_connect_body_battery_drained,Body battery drained,Bedroom,Garmin Connect,garmin_connect,sensor,False,False
sensor.garmin_connect_body_battery_highest,Body battery highest,Bedroom,Garmin Connect,garmin_connect,sensor,False,False
sensor.garmin_connect_body_battery_lowest,Body battery lowest,Bedroom,Garmin Connect,garmin_connect,sensor,False,False
sensor.garmin_connect_body_fat,Body fat,Bedroom,Garmin Connect,garmin_connect,sensor,False,False
sensor.garmin_connect_body_water,Body water,Bedroom,Garmin Connect,garmin_connect,sensor,False,False
sensor.garmin_connect_bone_mass,Bone mass,Bedroom,Garmin Connect,garmin_connect,sensor,False,False
sensor.garmin_connect_burned_calories,Burned calories,Bedroom,Garmin Connect,garmin_connect,sensor,False,False
sensor.garmin_connect_calories,Calories,Bedroom,Garmin Connect,garmin_connect,sensor,False,False
sensor.garmin_connect_chronological_age,Chronological age,Bedroom,Garmin Connect,garmin_connect,sensor,False,False
sensor.garmin_connect_consumed_calories,Consumed calories,Bedroom,Garmin Connect,garmin_connect,sensor,False,False
sensor.garmin_connect_daily_step_goal,Daily step goal,Bedroom,Garmin Connect,garmin_connect,sensor,False,False
sensor.garmin_connect_deep_sleep,Deep sleep,Bedroom,Garmin Connect,garmin_connect,sensor,False,False
sensor.garmin_connect_devices,Devices,Bedroom,Garmin Connect,garmin_connect,sensor,False,False
sensor.garmin_connect_distance,Distance,Bedroom,Garmin Connect,garmin_connect,sensor,False,False
sensor.garmin_connect_endurance_score,Endurance score,Bedroom,Garmin Connect,garmin_connect,sensor,False,False
sensor.garmin_connect_fitness_age,Fitness age,Bedroom,Garmin Connect,garmin_connect,sensor,False,False
sensor.garmin_connect_floors_ascended,Floors ascended,Bedroom,Garmin Connect,garmin_connect,sensor,False,False
sensor.garmin_connect_floors_ascended_distance,Floors ascended distance,Bedroom,Garmin Connect,garmin_connect,sensor,False,False
sensor.garmin_connect_floors_ascended_goal,Floors ascended goal,Bedroom,Garmin Connect,garmin_connect,sensor,False,False
sensor.garmin_connect_floors_descended,Floors descended,Bedroom,Garmin Connect,garmin_connect,sensor,False,False
sensor.garmin_connect_floors_descended_distance,Floors descended distance,Bedroom,Garmin Connect,garmin_connect,sensor,False,False
sensor.garmin_connect_future_goals,Future goals,Bedroom,Garmin Connect,garmin_connect,sensor,False,False
sensor.garmin_connect_goals_history,Goals history,Bedroom,Garmin Connect,garmin_connect,sensor,False,False
sensor.garmin_connect_high_stress_duration,High stress duration,Bedroom,Garmin Connect,garmin_connect,sensor,False,False
sensor.garmin_connect_high_stress_percentage,High stress percentage,Bedroom,Garmin Connect,garmin_connect,sensor,False,False
sensor.garmin_connect_highest_respiration,Highest respiration,Bedroom,Garmin Connect,garmin_connect,sensor,False,False
sensor.garmin_connect_highly_active_time,Highly active time,Bedroom,Garmin Connect,garmin_connect,sensor,False,False
sensor.garmin_connect_hill_score,Hill score,Bedroom,Garmin Connect,garmin_connect,sensor,False,False
sensor.garmin_connect_hoki,Hoki,Bedroom,Garmin Connect,garmin_connect,sensor,False,False
sensor.garmin_connect_hrv_baseline,HRV baseline,Bedroom,Garmin Connect,garmin_connect,sensor,False,False
sensor.garmin_connect_hrv_last_night_5_min_high,HRV last night 5-min high,Bedroom,Garmin Connect,garmin_connect,sensor,False,False
sensor.garmin_connect_hrv_last_night_average,HRV last night average,Bedroom,Garmin Connect,garmin_connect,sensor,False,False
sensor.garmin_connect_hrv_status,HRV status,Bedroom,Garmin Connect,garmin_connect,sensor,False,False
sensor.garmin_connect_hrv_weekly_average,HRV weekly average,Bedroom,Garmin Connect,garmin_connect,sensor,False,False
sensor.garmin_connect_hydration,Hydration,Bedroom,Garmin Connect,garmin_connect,sensor,False,False
sensor.garmin_connect_hydration_activity_intake,Hydration activity intake,Bedroom,Garmin Connect,garmin_connect,sensor,False,False
sensor.garmin_connect_hydration_daily_average,Hydration daily average,Bedroom,Garmin Connect,garmin_connect,sensor,False,False
sensor.garmin_connect_hydration_goal,Hydration goal,Bedroom,Garmin Connect,garmin_connect,sensor,False,False
sensor.garmin_connect_hydration_sweat_loss,Hydration sweat loss,Bedroom,Garmin Connect,garmin_connect,sensor,False,False
sensor.garmin_connect_intensity_minutes,Intensity minutes,Bedroom,Garmin Connect,garmin_connect,sensor,False,False
sensor.garmin_connect_intensity_minutes_goal,Intensity minutes goal,Bedroom,Garmin Connect,garmin_connect,sensor,False,False
sensor.garmin_connect_lactate_threshold_heart_rate,Lactate threshold heart rate,Bedroom,Garmin Connect,garmin_connect,sensor,False,False
sensor.garmin_connect_lactate_threshold_speed,Lactate threshold speed,Bedroom,Garmin Connect,garmin_connect,sensor,False,False
sensor.garmin_connect_last_activities,Last activities,Bedroom,Garmin Connect,garmin_connect,sensor,False,False
sensor.garmin_connect_last_activity,Last activity,Bedroom,Garmin Connect,garmin_connect,sensor,False,False
sensor.garmin_connect_last_activity_route,Last activity route,Bedroom,Garmin Connect,garmin_connect,sensor,False,False
sensor.garmin_connect_last_synced,Last synced,Bedroom,Garmin Connect,garmin_connect,sensor,False,False
sensor.garmin_connect_last_workout,Last workout,Bedroom,Garmin Connect,garmin_connect,sensor,False,False
sensor.garmin_connect_last_workouts,Last workouts,Bedroom,Garmin Connect,garmin_connect,sensor,False,False
sensor.garmin_connect_latest_respiration,Latest respiration,Bedroom,Garmin Connect,garmin_connect,sensor,False,False
sensor.garmin_connect_latest_respiration_time,Latest respiration time,Bedroom,Garmin Connect,garmin_connect,sensor,False,False
sensor.garmin_connect_latest_spo2,Latest SpO2,Bedroom,Garmin Connect,garmin_connect,sensor,False,False
sensor.garmin_connect_latest_spo2_time,Latest SpO2 time,Bedroom,Garmin Connect,garmin_connect,sensor,False,False
sensor.garmin_connect_light_sleep,Light sleep,Bedroom,Garmin Connect,garmin_connect,sensor,False,False
sensor.garmin_connect_low_stress_duration,Low stress duration,Bedroom,Garmin Connect,garmin_connect,sensor,False,False
sensor.garmin_connect_low_stress_percentage,Low stress percentage,Bedroom,Garmin Connect,garmin_connect,sensor,False,False
sensor.garmin_connect_lowest_respiration,Lowest respiration,Bedroom,Garmin Connect,garmin_connect,sensor,False,False
sensor.garmin_connect_lowest_spo2,Lowest SpO2,Bedroom,Garmin Connect,garmin_connect,sensor,False,False
sensor.garmin_connect_max_average_heart_rate,Max average heart rate,Bedroom,Garmin Connect,garmin_connect,sensor,False,False
sensor.garmin_connect_max_heart_rate,Max heart rate,Bedroom,Garmin Connect,garmin_connect,sensor,False,False
sensor.garmin_connect_max_stress_level,Max stress level,Bedroom,Garmin Connect,garmin_connect,sensor,False,False
sensor.garmin_connect_medium_stress_duration,Medium stress duration,Bedroom,Garmin Connect,garmin_connect,sensor,False,False
sensor.garmin_connect_medium_stress_percentage,Medium stress percentage,Bedroom,Garmin Connect,garmin_connect,sensor,False,False
sensor.garmin_connect_menstrual_cycle_day,Menstrual cycle day,Bedroom,Garmin Connect,garmin_connect,sensor,True,False
sensor.garmin_connect_menstrual_cycle_phase,Menstrual cycle phase,Bedroom,Garmin Connect,garmin_connect,sensor,True,False
sensor.garmin_connect_menstrual_cycle_start,Menstrual cycle start,Bedroom,Garmin Connect,garmin_connect,sensor,True,False
sensor.garmin_connect_menstrual_cycle_type,Menstrual cycle type,Bedroom,Garmin Connect,garmin_connect,sensor,True,False
sensor.garmin_connect_menstrual_days_until_next_phase,Menstrual days until next phase,Bedroom,Garmin Connect,garmin_connect,sensor,True,False
sensor.garmin_connect_menstrual_fertile_window_end,Menstrual fertile window end,Bedroom,Garmin Connect,garmin_connect,sensor,True,False
sensor.garmin_connect_menstrual_fertile_window_start,Menstrual fertile window start,Bedroom,Garmin Connect,garmin_connect,sensor,True,False
sensor.garmin_connect_menstrual_next_predicted_cycle_start,Menstrual next predicted cycle start,Bedroom,Garmin Connect,garmin_connect,sensor,True,False
sensor.garmin_connect_menstrual_period_length,Menstrual period length,Bedroom,Garmin Connect,garmin_connect,sensor,True,False
sensor.garmin_connect_metabolic_age,Metabolic age,Bedroom,Garmin Connect,garmin_connect,sensor,False,False
sensor.garmin_connect_min_average_heart_rate,Min average heart rate,Bedroom,Garmin Connect,garmin_connect,sensor,False,False
sensor.garmin_connect_min_heart_rate,Min heart rate,Bedroom,Garmin Connect,garmin_connect,sensor,False,False
sensor.garmin_connect_moderate_intensity_minutes,Moderate intensity minutes,Bedroom,Garmin Connect,garmin_connect,sensor,False,False
sensor.garmin_connect_morning_training_readiness,Morning training readiness,Bedroom,Garmin Connect,garmin_connect,sensor,False,False
sensor.garmin_connect_muscle_mass,Muscle mass,Bedroom,Garmin Connect,garmin_connect,sensor,False,False
sensor.garmin_connect_nap_time,Nap time,Bedroom,Garmin Connect,garmin_connect,sensor,False,False
sensor.garmin_connect_next_alarm,Next alarm,Bedroom,Garmin Connect,garmin_connect,sensor,False,False
sensor.garmin_connect_nutrition_calorie_goal,Nutrition calorie goal,Bedroom,Garmin Connect,garmin_connect,sensor,True,False
sensor.garmin_connect_nutrition_carbohydrates_goal,Nutrition carbohydrates goal,Bedroom,Garmin Connect,garmin_connect,sensor,True,False
sensor.garmin_connect_nutrition_consumed_calories,Nutrition consumed calories,Bedroom,Garmin Connect,garmin_connect,sensor,True,False
sensor.garmin_connect_nutrition_consumed_carbohydrates,Nutrition consumed carbohydrates,Bedroom,Garmin Connect,garmin_connect,sensor,True,False
sensor.garmin_connect_nutrition_consumed_fat,Nutrition consumed fat,Bedroom,Garmin Connect,garmin_connect,sensor,True,False
sensor.garmin_connect_nutrition_consumed_protein,Nutrition consumed protein,Bedroom,Garmin Connect,garmin_connect,sensor,True,False
sensor.garmin_connect_nutrition_fat_goal,Nutrition fat goal,Bedroom,Garmin Connect,garmin_connect,sensor,True,False
sensor.garmin_connect_nutrition_last_logged,Nutrition last logged,Bedroom,Garmin Connect,garmin_connect,sensor,True,False
sensor.garmin_connect_nutrition_logged_entries,Nutrition logged entries,Bedroom,Garmin Connect,garmin_connect,sensor,True,False
sensor.garmin_connect_nutrition_protein_goal,Nutrition protein goal,Bedroom,Garmin Connect,garmin_connect,sensor,True,False
sensor.garmin_connect_nutrition_remaining_calories,Nutrition remaining calories,Bedroom,Garmin Connect,garmin_connect,sensor,True,False
sensor.garmin_connect_optimal_bedtime,Optimal bedtime,Bedroom,Garmin Connect,garmin_connect,sensor,False,False
sensor.garmin_connect_optimal_wake_time,Optimal wake time,Bedroom,Garmin Connect,garmin_connect,sensor,False,False
sensor.garmin_connect_physique_rating,Physique rating,Bedroom,Garmin Connect,garmin_connect,sensor,False,False
sensor.garmin_connect_power,Power,Bedroom,Garmin Connect,garmin_connect,sensor,False,False
sensor.garmin_connect_power_2,Power,Bedroom,Garmin Connect,garmin_connect,sensor,False,False
sensor.garmin_connect_power_3,Power,Bedroom,Garmin Connect,garmin_connect,sensor,False,False
sensor.garmin_connect_previous_fitness_age,Previous fitness age,Bedroom,Garmin Connect,garmin_connect,sensor,False,False
sensor.garmin_connect_recovery_time,Recovery time,Bedroom,Garmin Connect,garmin_connect,sensor,False,False
sensor.garmin_connect_rem_sleep,REM sleep,Bedroom,Garmin Connect,garmin_connect,sensor,False,False
sensor.garmin_connect_remaining_calories,Remaining calories,Bedroom,Garmin Connect,garmin_connect,sensor,False,False
sensor.garmin_connect_rest_stress_duration,Rest stress duration,Bedroom,Garmin Connect,garmin_connect,sensor,False,False
sensor.garmin_connect_rest_stress_percentage,Rest stress percentage,Bedroom,Garmin Connect,garmin_connect,sensor,False,False
sensor.garmin_connect_resting_heart_rate,Resting heart rate,Bedroom,Garmin Connect,garmin_connect,sensor,False,False
sensor.garmin_connect_salomon_quest_element,Salomon Quest Element,Bedroom,Garmin Connect,garmin_connect,sensor,False,False
sensor.garmin_connect_sedentary_time,Sedentary time,Bedroom,Garmin Connect,garmin_connect,sensor,False,False
sensor.garmin_connect_sleep_duration,Sleep duration,Bedroom,Garmin Connect,garmin_connect,sensor,False,False
sensor.garmin_connect_sleep_need,Sleep need,Bedroom,Garmin Connect,garmin_connect,sensor,False,False
sensor.garmin_connect_sleep_score,Sleep score,Bedroom,Garmin Connect,garmin_connect,sensor,False,False
sensor.garmin_connect_sleeping_time,Sleeping time,Bedroom,Garmin Connect,garmin_connect,sensor,False,False
sensor.garmin_connect_solar_intensity,Solar intensity,Bedroom,Garmin Connect,garmin_connect,sensor,False,False
sensor.garmin_connect_steps,Steps,Bedroom,Garmin Connect,garmin_connect,sensor,False,False
sensor.garmin_connect_stress_duration,Stress duration,Bedroom,Garmin Connect,garmin_connect,sensor,False,False
sensor.garmin_connect_stress_percentage,Stress percentage,Bedroom,Garmin Connect,garmin_connect,sensor,False,False
sensor.garmin_connect_stress_qualifier,Stress qualifier,Bedroom,Garmin Connect,garmin_connect,sensor,False,False
sensor.garmin_connect_total_sleep_duration,Total sleep duration,Bedroom,Garmin Connect,garmin_connect,sensor,False,False
sensor.garmin_connect_training_readiness,Training readiness,Bedroom,Garmin Connect,garmin_connect,sensor,False,False
sensor.garmin_connect_training_status,Training status,Bedroom,Garmin Connect,garmin_connect,sensor,False,False
sensor.garmin_connect_uncategorized_stress_duration,Uncategorized stress duration,Bedroom,Garmin Connect,garmin_connect,sensor,False,False
sensor.garmin_connect_uncategorized_stress_percentage,Uncategorized stress percentage,Bedroom,Garmin Connect,garmin_connect,sensor,False,False
sensor.garmin_connect_unmeasurable_sleep,Unmeasurable sleep,Bedroom,Garmin Connect,garmin_connect,sensor,False,False
sensor.garmin_connect_user_level,User level,Bedroom,Garmin Connect,garmin_connect,sensor,False,False
sensor.garmin_connect_user_points,User points,Bedroom,Garmin Connect,garmin_connect,sensor,False,False
sensor.garmin_connect_vigorous_intensity_minutes,Vigorous intensity minutes,Bedroom,Garmin Connect,garmin_connect,sensor,False,False
sensor.garmin_connect_visceral_fat,Visceral fat,Bedroom,Garmin Connect,garmin_connect,sensor,False,False
sensor.garmin_connect_vo2_max,VO2 Max,Bedroom,Garmin Connect,garmin_connect,sensor,False,False
sensor.garmin_connect_wake_time,Wake time,Bedroom,Garmin Connect,garmin_connect,sensor,False,False
sensor.garmin_connect_weekly_distance_average,Weekly distance average,Bedroom,Garmin Connect,garmin_connect,sensor,False,False
sensor.garmin_connect_weekly_step_average,Weekly step average,Bedroom,Garmin Connect,garmin_connect,sensor,False,False
sensor.garmin_connect_weight,Weight,Bedroom,Garmin Connect,garmin_connect,sensor,False,False
sensor.garmin_connect_wellness_active_calories,Wellness active calories,Bedroom,Garmin Connect,garmin_connect,sensor,False,False
sensor.garmin_connect_wellness_calories,Wellness calories,Bedroom,Garmin Connect,garmin_connect,sensor,False,False
sensor.garmin_connect_wellness_distance,Wellness distance,Bedroom,Garmin Connect,garmin_connect,sensor,False,False
sensor.garmin_connect_wellness_end_time,Wellness end time,Bedroom,Garmin Connect,garmin_connect,sensor,False,False
sensor.garmin_connect_wellness_start_time,Wellness start time,Bedroom,Garmin Connect,garmin_connect,sensor,False,False
sensor.garmin_connect_yesterday_distance,Yesterday distance,Bedroom,Garmin Connect,garmin_connect,sensor,False,False
sensor.garmin_connect_yesterday_steps,Yesterday steps,Bedroom,Garmin Connect,garmin_connect,sensor,False,False
sensor.gledopto_gl_c_009p_lqi,LQI,Bedroom,Neon,zha,sensor,True,False
sensor.gledopto_gl_c_009p_rssi,RSSI,Bedroom,Neon,zha,sensor,True,False
sensor.hall_led_controller_lqi_8,LQI,Hall,Hall led controller,zha,sensor,True,False
sensor.hall_led_controller_rssi_8,RSSI,Hall,Hall led controller,zha,sensor,True,False
sensor.hall_motion_sensor_battery,Battery,Hall,Hall motion sensor,zha,sensor,False,False
sensor.herunohazumi_bronze_trophies,Bronze trophies,Mezzanine,herunohazumi,playstation_network,sensor,False,False
sensor.herunohazumi_gmail_com_area_cleaned,Area cleaned,Living Room,herunohazumi@gmail.com,ecovacs,sensor,False,False
sensor.herunohazumi_gmail_com_area_cleaned_2,Area cleaned,,herunohazumi@gmail.com,ecovacs,sensor,False,False
sensor.herunohazumi_gmail_com_battery,Battery,Living Room,herunohazumi@gmail.com,ecovacs,sensor,False,False
sensor.herunohazumi_gmail_com_battery_2,Battery,,herunohazumi@gmail.com,ecovacs,sensor,False,False
sensor.herunohazumi_gmail_com_cleaning_duration,Cleaning duration,Living Room,herunohazumi@gmail.com,ecovacs,sensor,False,False
sensor.herunohazumi_gmail_com_cleaning_duration_2,Cleaning duration,,herunohazumi@gmail.com,ecovacs,sensor,False,False
sensor.herunohazumi_gmail_com_error,Error,Living Room,herunohazumi@gmail.com,ecovacs,sensor,True,False
sensor.herunohazumi_gmail_com_error_2,Error,,herunohazumi@gmail.com,ecovacs,sensor,True,False
sensor.herunohazumi_gmail_com_filter_lifespan,Filter lifespan,Living Room,herunohazumi@gmail.com,ecovacs,sensor,False,False
sensor.herunohazumi_gmail_com_filter_lifespan_2,Filter lifespan,,herunohazumi@gmail.com,ecovacs,sensor,False,False
sensor.herunohazumi_gmail_com_ip_address,IP address,Living Room,herunohazumi@gmail.com,ecovacs,sensor,True,False
sensor.herunohazumi_gmail_com_ip_address_2,IP address,,herunohazumi@gmail.com,ecovacs,sensor,True,False
sensor.herunohazumi_gmail_com_main_brush_lifespan,Main brush lifespan,Living Room,herunohazumi@gmail.com,ecovacs,sensor,False,False
sensor.herunohazumi_gmail_com_main_brush_lifespan_2,Main brush lifespan,,herunohazumi@gmail.com,ecovacs,sensor,False,False
sensor.herunohazumi_gmail_com_side_brush_lifespan,Side brush lifespan,Living Room,herunohazumi@gmail.com,ecovacs,sensor,False,False
sensor.herunohazumi_gmail_com_side_brush_lifespan_2,Side brush lifespan,,herunohazumi@gmail.com,ecovacs,sensor,False,False
sensor.herunohazumi_gmail_com_total_area_cleaned,Total area cleaned,Living Room,herunohazumi@gmail.com,ecovacs,sensor,False,False
sensor.herunohazumi_gmail_com_total_area_cleaned_2,Total area cleaned,,herunohazumi@gmail.com,ecovacs,sensor,False,False
sensor.herunohazumi_gmail_com_total_cleaning_duration,Total cleaning duration,Living Room,herunohazumi@gmail.com,ecovacs,sensor,False,False
sensor.herunohazumi_gmail_com_total_cleaning_duration_2,Total cleaning duration,,herunohazumi@gmail.com,ecovacs,sensor,False,False
sensor.herunohazumi_gmail_com_total_cleanings,Total cleanings,Living Room,herunohazumi@gmail.com,ecovacs,sensor,False,False
sensor.herunohazumi_gmail_com_total_cleanings_2,Total cleans,,herunohazumi@gmail.com,ecovacs,sensor,False,False
sensor.herunohazumi_gmail_com_unit_care_lifespan,Unit care lifespan,,herunohazumi@gmail.com,ecovacs,sensor,False,False
sensor.herunohazumi_gmail_com_wi_fi_rssi,Wi-Fi RSSI,Living Room,herunohazumi@gmail.com,ecovacs,sensor,True,False
sensor.herunohazumi_gmail_com_wi_fi_rssi_2,Wi-Fi RSSI,,herunohazumi@gmail.com,ecovacs,sensor,True,False
sensor.herunohazumi_gmail_com_wi_fi_ssid,Wi-Fi SSID,Living Room,herunohazumi@gmail.com,ecovacs,sensor,True,False
sensor.herunohazumi_gmail_com_wi_fi_ssid_2,Wi-Fi SSID,,herunohazumi@gmail.com,ecovacs,sensor,True,False
sensor.herunohazumi_gold_trophies,Gold trophies,Mezzanine,herunohazumi,playstation_network,sensor,False,False
sensor.herunohazumi_last_online,Last online,Mezzanine,herunohazumi,playstation_network,sensor,False,False
sensor.herunohazumi_next_level,Next level,Mezzanine,herunohazumi,playstation_network,sensor,False,False
sensor.herunohazumi_now_playing,Now playing,Mezzanine,herunohazumi,playstation_network,sensor,False,False
sensor.herunohazumi_online_id,Online ID,Mezzanine,herunohazumi,playstation_network,sensor,False,False
sensor.herunohazumi_online_status,Online status,Mezzanine,herunohazumi,playstation_network,sensor,False,False
sensor.herunohazumi_platinum_trophies,Platinum trophies,Mezzanine,herunohazumi,playstation_network,sensor,False,False
sensor.herunohazumi_silver_trophies,Silver trophies,Mezzanine,herunohazumi,playstation_network,sensor,False,False
sensor.herunohazumi_trophy_level,Trophy level,Mezzanine,herunohazumi,playstation_network,sensor,False,False
sensor.hl_1210w_black_toner_remaining,Black toner remaining,Mezzanine,HL-1210W,brother,sensor,False,False
sensor.hl_1210w_drum_page_counter,Drum page counter,Mezzanine,HL-1210W,brother,sensor,False,False
sensor.hl_1210w_drum_remaining_lifetime,Drum remaining lifetime,Mezzanine,HL-1210W,brother,sensor,False,False
sensor.hl_1210w_drum_remaining_pages,Drum remaining pages,Mezzanine,HL-1210W,brother,sensor,False,False
sensor.hl_1210w_last_restart,Last restart,Mezzanine,HL-1210W,brother,sensor,True,False
sensor.hl_1210w_page_counter,Page counter,Mezzanine,HL-1210W,brother,sensor,False,False
sensor.hl_1210w_status,Status,Mezzanine,HL-1210W,brother,sensor,False,False
sensor.home_assistant_core_cpu_percent,CPU percent,,Home Assistant Core,hassio,sensor,True,False
sensor.home_assistant_core_memory_percent,Memory percent,,Home Assistant Core,hassio,sensor,True,False
sensor.home_assistant_google_drive_backup_cpu_percent,CPU percent,,Home Assistant Google Drive Backup,hassio,sensor,True,False
sensor.home_assistant_google_drive_backup_memory_percent,Memory percent,,Home Assistant Google Drive Backup,hassio,sensor,True,False
sensor.home_assistant_google_drive_backup_newest_version,Newest version,,Home Assistant Google Drive Backup,hassio,sensor,True,False
sensor.home_assistant_google_drive_backup_version,Version,,Home Assistant Google Drive Backup,hassio,sensor,True,False
sensor.home_assistant_host_apparmor_version,AppArmor version,,Home Assistant Host,hassio,sensor,True,False
sensor.home_assistant_host_disk_free,Disk free,,Home Assistant Host,hassio,sensor,True,False
sensor.home_assistant_host_disk_total,Disk total,,Home Assistant Host,hassio,sensor,True,False
sensor.home_assistant_host_disk_used,Disk used,,Home Assistant Host,hassio,sensor,True,False
sensor.home_assistant_host_os_agent_version,OS Agent version,,Home Assistant Host,hassio,sensor,True,False
sensor.home_assistant_operating_system_newest_version,Newest version,,Home Assistant Operating System,hassio,sensor,True,False
sensor.home_assistant_operating_system_version,Version,,Home Assistant Operating System,hassio,sensor,True,False
sensor.home_assistant_supervisor_cpu_percent,CPU percent,,Home Assistant Supervisor,hassio,sensor,True,False
sensor.home_assistant_supervisor_memory_percent,Memory percent,,Home Assistant Supervisor,hassio,sensor,True,False
sensor.hot_tub_cost_monthly,Hot tub cost monthly,,,template,sensor,False,False
sensor.hot_tub_cost_yearly,Hot tub cost yearly,,,template,sensor,False,False
sensor.hot_tub_scheduled_temperature,Hot tub scheduled temperature,,,template,sensor,False,False
sensor.hot_water_charging_bt6_40014,Hot water charging (BT6) (40014),Storage Room,BA-SVM 10-200/12 E,myuplink,sensor,False,False
sensor.hot_water_temperature_50325,Hot water temp. (50325),Storage Room,BA-SVM 10-200/12 E,myuplink,sensor,False,False
sensor.hot_water_top_bt7_40013,Hot water top (BT7) (40013),Storage Room,BA-SVM 10-200/12 E,myuplink,sensor,False,False
sensor.hub_sonoff_100103620a_connection,Hub Connection,,Hub,sonoff,sensor,True,False
sensor.hub_sonoff_100103620a_rssi,Hub RSSI,,Hub,sonoff,sensor,True,False
sensor.immich_cpu_percent,CPU percent,,Immich,hassio,sensor,True,False
sensor.immich_memory_percent,Memory percent,,Immich,hassio,sensor,True,False
sensor.immich_newest_version,Newest version,,Immich,hassio,sensor,True,False
sensor.immich_version,Version,,Immich,hassio,sensor,True,False
sensor.indoor_outdoor_meter_4c23,Temperature,Apartment,Indoor/Outdoor Meter 4C23,switchbot,sensor,False,False
sensor.indoor_outdoor_meter_4c23_battery,Battery,Apartment,Indoor/Outdoor Meter 4C23,switchbot,sensor,False,False
sensor.indoor_outdoor_meter_4c23_bluetooth_signal,Bluetooth signal,Apartment,Indoor/Outdoor Meter 4C23,switchbot,sensor,True,False
sensor.indoor_outdoor_meter_4c23_humidity,Humidity,Apartment,Indoor/Outdoor Meter 4C23,switchbot,sensor,False,False
sensor.indoor_outdoor_meter_73ea,Temperature,Garden back,Indoor/Outdoor Meter 73EA,switchbot,sensor,False,False
sensor.indoor_outdoor_meter_73ea_battery,Battery,Garden back,Indoor/Outdoor Meter 73EA,switchbot,sensor,False,False
sensor.indoor_outdoor_meter_73ea_bluetooth_signal,Bluetooth signal,Garden back,Indoor/Outdoor Meter 73EA,switchbot,sensor,True,False
sensor.indoor_outdoor_meter_73ea_humidity,Humidity,Garden back,Indoor/Outdoor Meter 73EA,switchbot,sensor,False,False
sensor.int_elec_add_heat_49993,Int elec add heat (49993),Storage Room,BA-SVM 10-200/12 E,myuplink,sensor,False,False
sensor.ipad_activity,iPad Activity,,iPad,mobile_app,sensor,False,False
sensor.ipad_app_version,iPad App Version,,iPad,mobile_app,sensor,False,False
sensor.ipad_audio_output,iPad Audio Output,,iPad,mobile_app,sensor,False,False
sensor.ipad_battery_level,iPad Battery Level,,iPad,mobile_app,sensor,False,False
sensor.ipad_battery_state,iPad Battery State,,iPad,mobile_app,sensor,False,False
sensor.ipad_bssid,iPad BSSID,,iPad,mobile_app,sensor,False,False
sensor.ipad_connection_type,iPad Connection Type,,iPad,mobile_app,sensor,False,False
sensor.ipad_geocoded_location,iPad Geocoded Location,,iPad,mobile_app,sensor,False,False
sensor.ipad_last_update_trigger,iPad Last Update Trigger,,iPad,mobile_app,sensor,False,False
sensor.ipad_location_permission,iPad Location permission,,iPad,mobile_app,sensor,False,False
sensor.ipad_pressure,iPad Pressure,,iPad,mobile_app,sensor,False,False
sensor.ipad_sim_1,iPad SIM 1,,iPad,mobile_app,sensor,False,False
sensor.ipad_ssid,iPad SSID,,iPad,mobile_app,sensor,False,False
sensor.ipad_storage,iPad Storage,,iPad,mobile_app,sensor,False,False
sensor.ipad_tomasz_activity,iPad (Tomasz) Activity,,iPad (Tomasz),mobile_app,sensor,False,False
sensor.ipad_tomasz_app_version,iPad (Tomasz) App Version,,iPad (Tomasz),mobile_app,sensor,False,False
sensor.ipad_tomasz_audio_output,iPad (Tomasz) Audio Output,,iPad (Tomasz),mobile_app,sensor,False,False
sensor.ipad_tomasz_battery_level,iPad (Tomasz) Battery Level,,iPad (Tomasz),mobile_app,sensor,False,False
sensor.ipad_tomasz_battery_state,iPad (Tomasz) Battery State,,iPad (Tomasz),mobile_app,sensor,False,False
sensor.ipad_tomasz_bssid,iPad (Tomasz) BSSID,,iPad (Tomasz),mobile_app,sensor,False,False
sensor.ipad_tomasz_connection_type,iPad (Tomasz) Connection Type,,iPad (Tomasz),mobile_app,sensor,False,False
sensor.ipad_tomasz_geocoded_location,iPad (Tomasz) Geocoded Location,,iPad (Tomasz),mobile_app,sensor,False,False
sensor.ipad_tomasz_last_update_trigger,iPad (Tomasz) Last Update Trigger,,iPad (Tomasz),mobile_app,sensor,False,False
sensor.ipad_tomasz_location_permission,iPad (Tomasz) Location permission,,iPad (Tomasz),mobile_app,sensor,False,False
sensor.ipad_tomasz_sim_1,iPad (Tomasz) SIM 1,,iPad (Tomasz),mobile_app,sensor,False,False
sensor.ipad_tomasz_ssid,iPad (Tomasz) SSID,,iPad (Tomasz),mobile_app,sensor,False,False
sensor.ipad_tomasz_storage,iPad (Tomasz) Storage,,iPad (Tomasz),mobile_app,sensor,False,False
sensor.iphone_anna_activity,iPhone (Anna) Activity,,iPhone (Anna),mobile_app,sensor,False,False
sensor.iphone_anna_app_version,iPhone (Anna) App Version,,iPhone (Anna),mobile_app,sensor,False,False
sensor.iphone_anna_audio_output,iPhone (Anna) Audio Output,,iPhone (Anna),mobile_app,sensor,False,False
sensor.iphone_anna_average_active_pace,iPhone (Anna) Average Active Pace,,iPhone (Anna),mobile_app,sensor,False,False
sensor.iphone_anna_battery_level,iPhone (Anna) Battery Level,,iPhone (Anna),mobile_app,sensor,False,False
sensor.iphone_anna_battery_state,iPhone (Anna) Battery State,,iPhone (Anna),mobile_app,sensor,False,False
sensor.iphone_anna_bssid,iPhone (Anna) BSSID,,iPhone (Anna),mobile_app,sensor,False,False
sensor.iphone_anna_connection_type,iPhone (Anna) Connection Type,,iPhone (Anna),mobile_app,sensor,False,False
sensor.iphone_anna_distance,iPhone (Anna) Distance,,iPhone (Anna),mobile_app,sensor,False,False
sensor.iphone_anna_floors_ascended,iPhone (Anna) Floors Ascended,,iPhone (Anna),mobile_app,sensor,False,False
sensor.iphone_anna_floors_descended,iPhone (Anna) Floors Descended,,iPhone (Anna),mobile_app,sensor,False,False
sensor.iphone_anna_geocoded_location,iPhone (Anna) Geocoded Location,,iPhone (Anna),mobile_app,sensor,False,False
sensor.iphone_anna_kiosk_brightness,iPhone (Anna) Kiosk Brightness,,iPhone (Anna),mobile_app,sensor,False,False
sensor.iphone_anna_kiosk_volume,iPhone (Anna) Kiosk Volume,,iPhone (Anna),mobile_app,sensor,False,False
sensor.iphone_anna_last_update_trigger,iPhone (Anna) Last Update Trigger,,iPhone (Anna),mobile_app,sensor,False,False
sensor.iphone_anna_location_permission,iPhone (Anna) Location permission,,iPhone (Anna),mobile_app,sensor,False,False
sensor.iphone_anna_pressure,iPhone (Anna) Pressure,,iPhone (Anna),mobile_app,sensor,False,False
sensor.iphone_anna_sim_1,iPhone (Anna) SIM 1,,iPhone (Anna),mobile_app,sensor,False,False
sensor.iphone_anna_sim_2,iPhone (Anna) SIM 2,,iPhone (Anna),mobile_app,sensor,False,False
sensor.iphone_anna_ssid,iPhone (Anna) SSID,,iPhone (Anna),mobile_app,sensor,False,False
sensor.iphone_anna_steps,iPhone (Anna) Steps,,iPhone (Anna),mobile_app,sensor,False,False
sensor.iphone_anna_storage,iPhone (Anna) Storage,,iPhone (Anna),mobile_app,sensor,False,False
sensor.iphone_tomasz_activity,iPhone (Tomasz) Activity,Zoe's Room,iPhone (Tomasz),mobile_app,sensor,False,False
sensor.iphone_tomasz_average_active_pace,iPhone (Tomasz) Average Active Pace,Zoe's Room,iPhone (Tomasz),mobile_app,sensor,False,False
sensor.iphone_tomasz_battery_level,iPhone (Tomasz) Battery Level,Zoe's Room,iPhone (Tomasz),mobile_app,sensor,False,False
sensor.iphone_tomasz_battery_state,iPhone (Tomasz) Battery State,Zoe's Room,iPhone (Tomasz),mobile_app,sensor,False,False
sensor.iphone_tomasz_bssid,iPhone (Tomasz) BSSID,Zoe's Room,iPhone (Tomasz),mobile_app,sensor,False,False
sensor.iphone_tomasz_connection_type,iPhone (Tomasz) Connection Type,Zoe's Room,iPhone (Tomasz),mobile_app,sensor,False,False
sensor.iphone_tomasz_distance,iPhone (Tomasz) Distance,Zoe's Room,iPhone (Tomasz),mobile_app,sensor,False,False
sensor.iphone_tomasz_floors_ascended,iPhone (Tomasz) Floors Ascended,Zoe's Room,iPhone (Tomasz),mobile_app,sensor,False,False
sensor.iphone_tomasz_floors_descended,iPhone (Tomasz) Floors Descended,Zoe's Room,iPhone (Tomasz),mobile_app,sensor,False,False
sensor.iphone_tomasz_last_update_trigger,iPhone (Tomasz) Last Update Trigger,Zoe's Room,iPhone (Tomasz),mobile_app,sensor,False,False
sensor.iphone_tomasz_sim_1,iPhone (Tomasz) SIM 1,Zoe's Room,iPhone (Tomasz),mobile_app,sensor,False,False
sensor.iphone_tomasz_sim_2,iPhone (Tomasz) SIM 2,Zoe's Room,iPhone (Tomasz),mobile_app,sensor,False,False
sensor.iphone_tomasz_ssid,iPhone (Tomasz) SSID,Zoe's Room,iPhone (Tomasz),mobile_app,sensor,False,False
sensor.iphone_tomasz_steps,iPhone (Tomasz) Steps,Zoe's Room,iPhone (Tomasz),mobile_app,sensor,False,False
sensor.iphone_tomasz_storage,iPhone (Tomasz) Storage,Zoe's Room,iPhone (Tomasz),mobile_app,sensor,False,False
sensor.kids_bathroom_led_controller_lqi_9,LQI,Kid's bathroom,Kids bathroom Led controller,zha,sensor,True,False
sensor.kids_bathroom_led_controller_rssi_9,RSSI,Kid's bathroom,Kids bathroom Led controller,zha,sensor,True,False
sensor.knob_battery,Knob Battery,Bedroom,Knob,zha,sensor,False,False
sensor.layzspa_blad,Błąd,,layzspa,mqtt,sensor,False,False
sensor.layzspa_czas_babelkow,Czas bąbelków,,layzspa,mqtt,sensor,False,False
sensor.layzspa_czas_grzania,Czas grzania,,layzspa,mqtt,sensor,False,False
sensor.layzspa_czas_pompy,Czas pompy,,layzspa,mqtt,sensor,False,False
sensor.layzspa_czas_pracy,Czas pracy,,layzspa,mqtt,sensor,False,False
sensor.layzspa_czas_restartu,Czas restartu,,layzspa,mqtt,sensor,False,False
sensor.layzspa_czyszczenie_filtra,Czyszczenie filtra,,layzspa,mqtt,sensor,False,False
sensor.layzspa_dzis,Dziś,,layzspa,mqtt,sensor,False,False
sensor.layzspa_energia,Energia,,layzspa,mqtt,sensor,False,False
sensor.layzspa_ip,IP,,layzspa,mqtt,sensor,False,False
sensor.layzspa_koszt_energii,Koszt energii,,layzspa,mqtt,sensor,False,False
sensor.layzspa_licznik_polaczen,Licznik połączeń,,layzspa,mqtt,sensor,False,False
sensor.layzspa_moc,Moc,,layzspa,mqtt,sensor,False,False
sensor.layzspa_nacisniety_przycisk,Naciśnięty przycisk,,layzspa,mqtt,sensor,False,False
sensor.layzspa_plukanie_filtra,Płukanie filtra,,layzspa,mqtt,sensor,False,False
sensor.layzspa_powod_restartu,Powód restartu,,layzspa,mqtt,sensor,False,False
sensor.layzspa_rssi,RSSI,,layzspa,mqtt,sensor,False,False
sensor.layzspa_ssid,SSID,,layzspa,mqtt,sensor,False,False
sensor.layzspa_stan_gotowosci,Czas do gotowości,,layzspa,mqtt,sensor,False,False
sensor.layzspa_temp_c,Temp. (C),,layzspa,mqtt,sensor,False,False
sensor.layzspa_temp_docelowa_c,Temp. docelowa (C),,layzspa,mqtt,sensor,False,False
sensor.layzspa_temp_docelowa_f,Temp. docelowa (F),,layzspa,mqtt,sensor,False,False
sensor.layzspa_temp_f,Temp. (F),,layzspa,mqtt,sensor,False,False
sensor.layzspa_temp_wirtualna_c,Temp. wirtualna (C),,layzspa,mqtt,sensor,False,False
sensor.layzspa_temp_wirtualna_f,Temp. wirtualna (F),,layzspa,mqtt,sensor,False,False
sensor.layzspa_wiek_chloru,Wiek chloru,,layzspa,mqtt,sensor,False,False
sensor.layzspa_wiek_filtra,Wiek filtra,,layzspa,mqtt,sensor,False,False
sensor.ledvance_plug_compact_eu_em_t_ac_frequency,AC frequency,Atrium,Plug jacuzzi,zha,sensor,False,False
sensor.ledvance_plug_compact_eu_em_t_apparent_power,Apparent power,Atrium,Plug jacuzzi,zha,sensor,False,False
sensor.ledvance_plug_compact_eu_em_t_current,Current,Atrium,Plug jacuzzi,zha,sensor,False,False
sensor.ledvance_plug_compact_eu_em_t_instantaneous_demand,Instantaneous demand,Atrium,Plug jacuzzi,zha,sensor,False,False
sensor.ledvance_plug_compact_eu_em_t_lqi,LQI,Atrium,Plug jacuzzi,zha,sensor,True,False
sensor.ledvance_plug_compact_eu_em_t_lqi_2,LQI,Garden back,Pool filter,zha,sensor,False,False
sensor.ledvance_plug_compact_eu_em_t_power,Power,Atrium,Plug jacuzzi,zha,sensor,False,False
sensor.ledvance_plug_compact_eu_em_t_power_factor,Power factor,Atrium,Plug jacuzzi,zha,sensor,False,False
sensor.ledvance_plug_compact_eu_em_t_rssi,RSSI,Atrium,Plug jacuzzi,zha,sensor,True,False
sensor.ledvance_plug_compact_eu_em_t_rssi_2,RSSI,Garden back,Pool filter,zha,sensor,False,False
sensor.ledvance_plug_compact_eu_em_t_summation_delivered,Summation delivered,Atrium,Plug jacuzzi,zha,sensor,False,False
sensor.ledvance_plug_compact_eu_em_t_voltage,Voltage,Atrium,Plug jacuzzi,zha,sensor,False,False
sensor.lr_temperature_sensor_battery,LR Temperature sensor Battery,Living Room,LR Temperature sensor,zha,sensor,False,False
sensor.lr_temperature_sensor_humidity,LR Temperature sensor Humidity,Living Room,LR Temperature sensor,zha,sensor,False,False
sensor.lr_temperature_sensor_illuminance,LR Temperature sensor Illuminance,Living Room,LR Temperature sensor,zha,sensor,False,False
sensor.lr_temperature_sensor_temperature,LR Temperature sensor Temperature,Living Room,LR Temperature sensor,zha,sensor,False,False
sensor.main_entrance_doorbell_cpu_usage,CPU usage,Entrance,Main Entrance Doorbell,reolink,sensor,True,False
sensor.main_entrance_doorbell_day_night_state,Day night state,Entrance,Main Entrance Doorbell,reolink,sensor,False,False
sensor.main_entrance_doorbell_sd_0_storage,SD 0 storage,Entrance,Main Entrance Doorbell,reolink,sensor,True,False
sensor.mosquitto_broker_cpu_percent,CPU percent,,Mosquitto broker,hassio,sensor,True,False
sensor.mosquitto_broker_memory_percent,Memory percent,,Mosquitto broker,hassio,sensor,True,False
sensor.mosquitto_broker_newest_version,Newest version,,Mosquitto broker,hassio,sensor,True,False
sensor.mosquitto_broker_version,Version,,Mosquitto broker,hassio,sensor,True,False
sensor.music_assistant_server_cpu_percent,CPU percent,,Music Assistant,hassio,sensor,True,False
sensor.music_assistant_server_memory_percent,Memory percent,,Music Assistant,hassio,sensor,True,False
sensor.music_assistant_server_newest_version,Newest version,,Music Assistant,hassio,sensor,True,False
sensor.music_assistant_server_version,Version,,Music Assistant,hassio,sensor,True,False
sensor.nspanel_sonoff_1002656e12_connection,NSPanel Connection,,NSPanel,sonoff,sensor,True,False
sensor.nspanel_sonoff_1002656e12_outdoor_temp,NSPanel Outdoor Temp,,NSPanel,sonoff,sensor,False,False
sensor.nspanel_sonoff_1002656e12_temperature,NSPanel Temperature,,NSPanel,sonoff,sensor,False,False
sensor.number_of_starts_44069,number of starts: (44069),Storage Room,BA-SVM 10-200/12 E,myuplink,sensor,False,False
sensor.nzbget_article_cache,Article cache,Living Room,NZBGet,nzbget,sensor,False,False
sensor.nzbget_average_speed,Average speed,Living Room,NZBGet,nzbget,sensor,False,False
sensor.nzbget_disk_free,Disk free,Living Room,NZBGet,nzbget,sensor,False,False
sensor.nzbget_download_paused,Download paused,Living Room,NZBGet,nzbget,sensor,False,False
sensor.nzbget_post_processing_jobs,Post-processing jobs,Living Room,NZBGet,nzbget,sensor,False,False
sensor.nzbget_post_processing_paused,Post-processing paused,Living Room,NZBGet,nzbget,sensor,False,False
sensor.nzbget_queue_size,Queue size,Living Room,NZBGet,nzbget,sensor,False,False
sensor.nzbget_size,Size,Living Room,NZBGet,nzbget,sensor,False,False
sensor.nzbget_speed,Speed,Living Room,NZBGet,nzbget,sensor,False,False
sensor.nzbget_speed_limit,Speed limit,Living Room,NZBGet,nzbget,sensor,False,False
sensor.nzbget_uptime,Uptime,Living Room,NZBGet,nzbget,sensor,False,False
sensor.of_which_hot_water_43239,- of which hot water: (43239),Storage Room,BA-SVM 10-200/12 E,myuplink,sensor,False,False
sensor.of_which_hot_water_44073,- of which hot water: (44073),Storage Room,BA-SVM 10-200/12 E,myuplink,sensor,False,False
sensor.oil_temperature_bt29_40146,Oil temperature (BT29) (40146),Storage Room,BA-SVM 10-200/12 E,myuplink,sensor,False,False
sensor.oil_temperature_ep15_bt29_40145,Oil temperature (EP15-BT29) (40145),Storage Room,BA-SVM 10-200/12 E,myuplink,sensor,False,False
sensor.olaf_led_controller_lqi_5,LQI,Olaf's room,Olaf Led controller,zha,sensor,True,False
sensor.olaf_led_controller_rssi_5,RSSI,Olaf's room,Olaf Led controller,zha,sensor,True,False
sensor.openweathermap_apparent_temperature,Apparent temperature,,OpenWeatherMap,openweathermap,sensor,False,False
sensor.openweathermap_cloud_coverage,Cloud coverage,,OpenWeatherMap,openweathermap,sensor,False,False
sensor.openweathermap_condition,Condition,,OpenWeatherMap,openweathermap,sensor,False,False
sensor.openweathermap_dew_point_temperature,Dew point temperature,,OpenWeatherMap,openweathermap,sensor,False,False
sensor.openweathermap_humidity,Humidity,,OpenWeatherMap,openweathermap,sensor,False,False
sensor.openweathermap_precipitation_kind,Precipitation kind,,OpenWeatherMap,openweathermap,sensor,False,False
sensor.openweathermap_pressure,Pressure,,OpenWeatherMap,openweathermap,sensor,False,False
sensor.openweathermap_rain_intensity,Rain intensity,,OpenWeatherMap,openweathermap,sensor,False,False
sensor.openweathermap_snow_intensity,Snow intensity,,OpenWeatherMap,openweathermap,sensor,False,False
sensor.openweathermap_temperature,Temperature,,OpenWeatherMap,openweathermap,sensor,False,False
sensor.openweathermap_uv_index,UV index,,OpenWeatherMap,openweathermap,sensor,False,False
sensor.openweathermap_visibility,Visibility,,OpenWeatherMap,openweathermap,sensor,False,False
sensor.openweathermap_weather,Weather,,OpenWeatherMap,openweathermap,sensor,False,False
sensor.openweathermap_weather_code,Weather code,,OpenWeatherMap,openweathermap,sensor,False,False
sensor.openweathermap_wind_direction,Wind direction,,OpenWeatherMap,openweathermap,sensor,False,False
sensor.openweathermap_wind_gust_speed,Wind gust speed,,OpenWeatherMap,openweathermap,sensor,False,False
sensor.openweathermap_wind_speed,Wind speed,,OpenWeatherMap,openweathermap,sensor,False,False
sensor.outdoor_temperature_40004,Outdoor temperature (40004),Storage Room,BA-SVM 10-200/12 E,myuplink,sensor,False,False
sensor.owmh_home_current_clouds,OWMH_Home_current_clouds,,,openweathermaphistory,sensor,False,False
sensor.owmh_home_current_description,OWMH_Home_current_description,,,openweathermaphistory,sensor,False,False
sensor.owmh_home_current_humidity,OWMH_Home_current_humidity,,,openweathermaphistory,sensor,False,False
sensor.owmh_home_current_pressure,OWMH_Home_current_pressure,,,openweathermaphistory,sensor,False,False
sensor.owmh_home_current_rain,OWMH_Home_current_rain,,,openweathermaphistory,sensor,False,False
sensor.owmh_home_current_snow,OWMH_Home_current_snow,,,openweathermaphistory,sensor,False,False
sensor.owmh_home_current_temp,OWMH_Home_current_temp,,,openweathermaphistory,sensor,False,False
sensor.owmh_home_current_uvi,OWMH_Home_current_uvi,,,openweathermaphistory,sensor,False,False
sensor.owmh_home_current_wind_deg,OWMH_Home_current_wind_deg,,,openweathermaphistory,sensor,False,False
sensor.owmh_home_current_wind_speed,OWMH_Home_current_wind_speed,,,openweathermaphistory,sensor,False,False
sensor.owmh_home_daily_count,OWMH_home_daily_count,,,openweathermaphistory,sensor,False,False
sensor.owmh_home_day0max,OWMH_Home_day0max,,,openweathermaphistory,sensor,False,False
sensor.owmh_home_day0min,OWMH_Home_day0min,,,openweathermaphistory,sensor,False,False
sensor.owmh_home_day0rain,OWMH_Home_day0rain,,,openweathermaphistory,sensor,False,False
sensor.owmh_home_day0snow,OWMH_Home_day0snow,,,openweathermaphistory,sensor,False,False
sensor.owmh_home_day1max,OWMH_Home_day1max,,,openweathermaphistory,sensor,False,False
sensor.owmh_home_day1min,OWMH_Home_day1min,,,openweathermaphistory,sensor,False,False
sensor.owmh_home_day1rain,OWMH_Home_day1rain,,,openweathermaphistory,sensor,False,False
sensor.owmh_home_day1snow,OWMH_Home_day1snow,,,openweathermaphistory,sensor,False,False
sensor.owmh_home_day2max,OWMH_Home_day2max,,,openweathermaphistory,sensor,False,False
sensor.owmh_home_day2min,OWMH_Home_day2min,,,openweathermaphistory,sensor,False,False
sensor.owmh_home_day2rain,OWMH_Home_day2rain,,,openweathermaphistory,sensor,False,False
sensor.owmh_home_day2snow,OWMH_Home_day2snow,,,openweathermaphistory,sensor,False,False
sensor.owmh_home_day3max,OWMH_Home_day3max,,,openweathermaphistory,sensor,False,False
sensor.owmh_home_day3min,OWMH_Home_day3min,,,openweathermaphistory,sensor,False,False
sensor.owmh_home_day3rain,OWMH_Home_day3rain,,,openweathermaphistory,sensor,False,False
sensor.owmh_home_day3snow,OWMH_Home_day3snow,,,openweathermaphistory,sensor,False,False
sensor.owmh_home_day4max,OWMH_Home_day4max,,,openweathermaphistory,sensor,False,False
sensor.owmh_home_day4min,OWMH_Home_day4min,,,openweathermaphistory,sensor,False,False
sensor.owmh_home_day4rain,OWMH_Home_day4rain,,,openweathermaphistory,sensor,False,False
sensor.owmh_home_day4snow,OWMH_Home_day4snow,,,openweathermaphistory,sensor,False,False
sensor.owmh_home_day5max,OWMH_Home_day5max,,,openweathermaphistory,sensor,False,False
sensor.owmh_home_day5min,OWMH_Home_day5min,,,openweathermaphistory,sensor,False,False
sensor.owmh_home_day5rain,OWMH_Home_day5rain,,,openweathermaphistory,sensor,False,False
sensor.owmh_home_day5snow,OWMH_Home_day5snow,,,openweathermaphistory,sensor,False,False
sensor.owmh_home_day6max,OWMH_Home_day6max,,,openweathermaphistory,sensor,False,False
sensor.owmh_home_day6min,OWMH_Home_day6min,,,openweathermaphistory,sensor,False,False
sensor.owmh_home_day6rain,OWMH_Home_day6rain,,,openweathermaphistory,sensor,False,False
sensor.owmh_home_day6snow,OWMH_Home_day6snow,,,openweathermaphistory,sensor,False,False
sensor.owmh_home_day7max,OWMH_Home_day7max,,,openweathermaphistory,sensor,False,False
sensor.owmh_home_day7min,OWMH_Home_day7min,,,openweathermaphistory,sensor,False,False
sensor.owmh_home_day7rain,OWMH_Home_day7rain,,,openweathermaphistory,sensor,False,False
sensor.owmh_home_day7snow,OWMH_Home_day7snow,,,openweathermaphistory,sensor,False,False
sensor.owmh_home_day8max,OWMH_Home_day8max,,,openweathermaphistory,sensor,False,False
sensor.owmh_home_day8min,OWMH_Home_day8min,,,openweathermaphistory,sensor,False,False
sensor.owmh_home_day8rain,OWMH_Home_day8rain,,,openweathermaphistory,sensor,False,False
sensor.owmh_home_day8snow,OWMH_Home_day8snow,,,openweathermaphistory,sensor,False,False
sensor.owmh_home_day9max,OWMH_Home_day9max,,,openweathermaphistory,sensor,False,False
sensor.owmh_home_day9min,OWMH_Home_day9min,,,openweathermaphistory,sensor,False,False
sensor.owmh_home_day9rain,OWMH_Home_day9rain,,,openweathermaphistory,sensor,False,False
sensor.owmh_home_day9snow,OWMH_Home_day9snow,,,openweathermaphistory,sensor,False,False
sensor.owmh_home_forecast0clouds,OWMH_Home_forecast0clouds,,,openweathermaphistory,sensor,False,False
sensor.owmh_home_forecast0description,OWMH_Home_forecast0description,,,openweathermaphistory,sensor,False,False
sensor.owmh_home_forecast0humidity,OWMH_Home_forecast0humidity,,,openweathermaphistory,sensor,False,False
sensor.owmh_home_forecast0max,OWMH_Home_forecast0max,,,openweathermaphistory,sensor,False,False
sensor.owmh_home_forecast0min,OWMH_Home_forecast0min,,,openweathermaphistory,sensor,False,False
sensor.owmh_home_forecast0pop,OWMH_Home_forecast0pop,,,openweathermaphistory,sensor,False,False
sensor.owmh_home_forecast0rain,OWMH_Home_forecast0rain,,,openweathermaphistory,sensor,False,False
sensor.owmh_home_forecast0snow,OWMH_Home_forecast0snow,,,openweathermaphistory,sensor,False,False
sensor.owmh_home_forecast0uvi,OWMH_Home_forecast0uvi,,,openweathermaphistory,sensor,False,False
sensor.owmh_home_forecast0wind_deg,OWMH_Home_forecast0wind_deg,,,openweathermaphistory,sensor,False,False
sensor.owmh_home_forecast0wind_speed,OWMH_Home_forecast0wind_speed,,,openweathermaphistory,sensor,False,False
sensor.owmh_home_forecast1clouds,OWMH_Home_forecast1clouds,,,openweathermaphistory,sensor,False,False
sensor.owmh_home_forecast1description,OWMH_Home_forecast1description,,,openweathermaphistory,sensor,False,False
sensor.owmh_home_forecast1humidity,OWMH_Home_forecast1humidity,,,openweathermaphistory,sensor,False,False
sensor.owmh_home_forecast1max,OWMH_Home_forecast1max,,,openweathermaphistory,sensor,False,False
sensor.owmh_home_forecast1min,OWMH_Home_forecast1min,,,openweathermaphistory,sensor,False,False
sensor.owmh_home_forecast1pop,OWMH_Home_forecast1pop,,,openweathermaphistory,sensor,False,False
sensor.owmh_home_forecast1rain,OWMH_Home_forecast1rain,,,openweathermaphistory,sensor,False,False
sensor.owmh_home_forecast1snow,OWMH_Home_forecast1snow,,,openweathermaphistory,sensor,False,False
sensor.owmh_home_forecast1uvi,OWMH_Home_forecast1uvi,,,openweathermaphistory,sensor,False,False
sensor.owmh_home_forecast1wind_deg,OWMH_Home_forecast1wind_deg,,,openweathermaphistory,sensor,False,False
sensor.owmh_home_forecast1wind_speed,OWMH_Home_forecast1wind_speed,,,openweathermaphistory,sensor,False,False
sensor.owmh_home_forecast2clouds,OWMH_Home_forecast2clouds,,,openweathermaphistory,sensor,False,False
sensor.owmh_home_forecast2description,OWMH_Home_forecast2description,,,openweathermaphistory,sensor,False,False
sensor.owmh_home_forecast2humidity,OWMH_Home_forecast2humidity,,,openweathermaphistory,sensor,False,False
sensor.owmh_home_forecast2max,OWMH_Home_forecast2max,,,openweathermaphistory,sensor,False,False
sensor.owmh_home_forecast2min,OWMH_Home_forecast2min,,,openweathermaphistory,sensor,False,False
sensor.owmh_home_forecast2pop,OWMH_Home_forecast2pop,,,openweathermaphistory,sensor,False,False
sensor.owmh_home_forecast2rain,OWMH_Home_forecast2rain,,,openweathermaphistory,sensor,False,False
sensor.owmh_home_forecast2snow,OWMH_Home_forecast2snow,,,openweathermaphistory,sensor,False,False
sensor.owmh_home_forecast2uvi,OWMH_Home_forecast2uvi,,,openweathermaphistory,sensor,False,False
sensor.owmh_home_forecast2wind_deg,OWMH_Home_forecast2wind_deg,,,openweathermaphistory,sensor,False,False
sensor.owmh_home_forecast2wind_speed,OWMH_Home_forecast2wind_speed,,,openweathermaphistory,sensor,False,False
sensor.owmh_home_forecast3clouds,OWMH_Home_forecast3clouds,,,openweathermaphistory,sensor,False,False
sensor.owmh_home_forecast3description,OWMH_Home_forecast3description,,,openweathermaphistory,sensor,False,False
sensor.owmh_home_forecast3humidity,OWMH_Home_forecast3humidity,,,openweathermaphistory,sensor,False,False
sensor.owmh_home_forecast3max,OWMH_Home_forecast3max,,,openweathermaphistory,sensor,False,False
sensor.owmh_home_forecast3min,OWMH_Home_forecast3min,,,openweathermaphistory,sensor,False,False
sensor.owmh_home_forecast3pop,OWMH_Home_forecast3pop,,,openweathermaphistory,sensor,False,False
sensor.owmh_home_forecast3rain,OWMH_Home_forecast3rain,,,openweathermaphistory,sensor,False,False
sensor.owmh_home_forecast3snow,OWMH_Home_forecast3snow,,,openweathermaphistory,sensor,False,False
sensor.owmh_home_forecast3uvi,OWMH_Home_forecast3uvi,,,openweathermaphistory,sensor,False,False
sensor.owmh_home_forecast3wind_deg,OWMH_Home_forecast3wind_deg,,,openweathermaphistory,sensor,False,False
sensor.owmh_home_forecast3wind_speed,OWMH_Home_forecast3wind_speed,,,openweathermaphistory,sensor,False,False
sensor.owmh_home_forecast4clouds,OWMH_Home_forecast4clouds,,,openweathermaphistory,sensor,False,False
sensor.owmh_home_forecast4description,OWMH_Home_forecast4description,,,openweathermaphistory,sensor,False,False
sensor.owmh_home_forecast4humidity,OWMH_Home_forecast4humidity,,,openweathermaphistory,sensor,False,False
sensor.owmh_home_forecast4max,OWMH_Home_forecast4max,,,openweathermaphistory,sensor,False,False
sensor.owmh_home_forecast4min,OWMH_Home_forecast4min,,,openweathermaphistory,sensor,False,False
sensor.owmh_home_forecast4pop,OWMH_Home_forecast4pop,,,openweathermaphistory,sensor,False,False
sensor.owmh_home_forecast4rain,OWMH_Home_forecast4rain,,,openweathermaphistory,sensor,False,False
sensor.owmh_home_forecast4snow,OWMH_Home_forecast4snow,,,openweathermaphistory,sensor,False,False
sensor.owmh_home_forecast4uvi,OWMH_Home_forecast4uvi,,,openweathermaphistory,sensor,False,False
sensor.owmh_home_forecast4wind_deg,OWMH_Home_forecast4wind_deg,,,openweathermaphistory,sensor,False,False
sensor.owmh_home_forecast4wind_speed,OWMH_Home_forecast4wind_speed,,,openweathermaphistory,sensor,False,False
sensor.owmh_home_forecast5clouds,OWMH_Home_forecast5clouds,,,openweathermaphistory,sensor,False,False
sensor.owmh_home_forecast5description,OWMH_Home_forecast5description,,,openweathermaphistory,sensor,False,False
sensor.owmh_home_forecast5humidity,OWMH_Home_forecast5humidity,,,openweathermaphistory,sensor,False,False
sensor.owmh_home_forecast5max,OWMH_Home_forecast5max,,,openweathermaphistory,sensor,False,False
sensor.owmh_home_forecast5min,OWMH_Home_forecast5min,,,openweathermaphistory,sensor,False,False
sensor.owmh_home_forecast5pop,OWMH_Home_forecast5pop,,,openweathermaphistory,sensor,False,False
sensor.owmh_home_forecast5rain,OWMH_Home_forecast5rain,,,openweathermaphistory,sensor,False,False
sensor.owmh_home_forecast5snow,OWMH_Home_forecast5snow,,,openweathermaphistory,sensor,False,False
sensor.owmh_home_forecast5uvi,OWMH_Home_forecast5uvi,,,openweathermaphistory,sensor,False,False
sensor.owmh_home_forecast5wind_deg,OWMH_Home_forecast5wind_deg,,,openweathermaphistory,sensor,False,False
sensor.owmh_home_forecast5wind_speed,OWMH_Home_forecast5wind_speed,,,openweathermaphistory,sensor,False,False
sensor.owmh_home_forecast_adjustment_factor,OWMH_Home_forecast_adjustment_factor,,,openweathermaphistory,sensor,False,False
sensor.owmh_home_frost_risk_level,OWMH_Home_frost_risk_level,,,openweathermaphistory,sensor,False,False
sensor.owmh_home_frost_risk_score,OWMH_Home_frost_risk_score,,,openweathermaphistory,sensor,False,False
sensor.owmh_home_hist_adjustment_factor,OWMH_Home_hist_adjustment_factor,,,openweathermaphistory,sensor,False,False
sensor.pantry_motion_sensor_battery,Pantry motion sensor Battery,Pantry,Pantry motion sensor,zha,sensor,False,False
sensor.piekarnik_completion_time,Completion time,Kitchen,Piekarnik,smartthings,sensor,False,False
sensor.piekarnik_job_state,Job state,Kitchen,Piekarnik,smartthings,sensor,False,False
sensor.piekarnik_machine_state,Machine state,Kitchen,Piekarnik,smartthings,sensor,False,False
sensor.piekarnik_oven_completion_time,Piekarnik Oven Completion Time,Kitchen,Piekarnik,smartthings,sensor,False,False
sensor.piekarnik_oven_job_state,Piekarnik Oven Job State,Kitchen,Piekarnik,smartthings,sensor,False,False
sensor.piekarnik_oven_machine_state,Piekarnik Oven Machine State,Kitchen,Piekarnik,smartthings,sensor,False,False
sensor.piekarnik_oven_mode,Piekarnik Oven Mode,Kitchen,Piekarnik,smartthings,sensor,False,False
sensor.piekarnik_oven_mode_2,Oven mode,Kitchen,Piekarnik,smartthings,sensor,False,False
sensor.piekarnik_oven_set_point,Piekarnik Oven Set Point,Kitchen,Piekarnik,smartthings,sensor,False,False
sensor.piekarnik_second_cavity_completion_time,Second cavity completion time,Kitchen,Piekarnik,smartthings,sensor,False,False
sensor.piekarnik_second_cavity_job_state,Second cavity job state,Kitchen,Piekarnik,smartthings,sensor,False,False
sensor.piekarnik_second_cavity_machine_state,Second cavity machine state,Kitchen,Piekarnik,smartthings,sensor,False,False
sensor.piekarnik_second_cavity_oven_mode,Second cavity oven mode,Kitchen,Piekarnik,smartthings,sensor,False,False
sensor.piekarnik_second_cavity_setpoint,Second cavity setpoint,Kitchen,Piekarnik,smartthings,sensor,False,False
sensor.piekarnik_second_cavity_temperature,Second cavity temperature,Kitchen,Piekarnik,smartthings,sensor,False,False
sensor.piekarnik_set_point,Setpoint,Kitchen,Piekarnik,smartthings,sensor,False,False
sensor.piekarnik_temperature,Temperature,Kitchen,Piekarnik,smartthings,sensor,False,False
sensor.piekarnik_temperature_measurement,Piekarnik Temperature Measurement,Kitchen,Piekarnik,smartthings,sensor,False,False
sensor.plpc018984_active_audio_input,PLPC018984 Active Audio Input,,PLPC018984,mobile_app,sensor,False,False
sensor.plpc018984_active_audio_input_2,PLPC018984 Active Audio Input,,PLPC018984,mobile_app,sensor,False,False
sensor.plpc018984_active_audio_output,PLPC018984 Active Audio Output,,PLPC018984,mobile_app,sensor,False,False
sensor.plpc018984_active_audio_output_2,PLPC018984 Active Audio Output,,PLPC018984,mobile_app,sensor,False,False
sensor.plpc018984_active_camera,PLPC018984 Active Camera,,PLPC018984,mobile_app,sensor,False,False
sensor.plpc018984_active_camera_2,PLPC018984 Active Camera,,PLPC018984,mobile_app,sensor,False,False
sensor.plpc018984_app_version,PLPC018984 App Version,,PLPC018984,mobile_app,sensor,False,False
sensor.plpc018984_audio_output,PLPC018984 Audio Output,,PLPC018984,mobile_app,sensor,False,False
sensor.plpc018984_bssid,PLPC018984 BSSID,,PLPC018984,mobile_app,sensor,False,False
sensor.plpc018984_bssid_2,PLPC018984 BSSID,,PLPC018984,mobile_app,sensor,False,False
sensor.plpc018984_connection_type,PLPC018984 Connection Type,,PLPC018984,mobile_app,sensor,False,False
sensor.plpc018984_connection_type_2,PLPC018984 Connection Type,,PLPC018984,mobile_app,sensor,False,False
sensor.plpc018984_displays,PLPC018984 Displays,,PLPC018984,mobile_app,sensor,False,False
sensor.plpc018984_displays_2,PLPC018984 Displays,,PLPC018984,mobile_app,sensor,False,False
sensor.plpc018984_frontmost_app,PLPC018984 Frontmost App,,PLPC018984,mobile_app,sensor,False,False
sensor.plpc018984_frontmost_app_2,PLPC018984 Frontmost App,,PLPC018984,mobile_app,sensor,False,False
sensor.plpc018984_geocoded_location,PLPC018984 Geocoded Location,,PLPC018984,mobile_app,sensor,False,False
sensor.plpc018984_geocoded_location_2,PLPC018984 Geocoded Location,,PLPC018984,mobile_app,sensor,False,False
sensor.plpc018984_internal_battery_level,PLPC018984 Internal Battery Level,,PLPC018984,mobile_app,sensor,False,False
sensor.plpc018984_internal_battery_level_2,PLPC018984 Internal Battery Level,,PLPC018984,mobile_app,sensor,False,False
sensor.plpc018984_internal_battery_state,PLPC018984 Internal Battery State,,PLPC018984,mobile_app,sensor,False,False
sensor.plpc018984_internal_battery_state_2,PLPC018984 Internal Battery State,,PLPC018984,mobile_app,sensor,False,False
sensor.plpc018984_last_update_trigger,PLPC018984 Last Update Trigger,,PLPC018984,mobile_app,sensor,False,False
sensor.plpc018984_last_update_trigger_2,PLPC018984 Last Update Trigger,,PLPC018984,mobile_app,sensor,False,False
sensor.plpc018984_location_permission,PLPC018984 Location permission,,PLPC018984,mobile_app,sensor,False,False
sensor.plpc018984_primary_display_id,PLPC018984 Primary Display ID,,PLPC018984,mobile_app,sensor,False,False
sensor.plpc018984_primary_display_id_2,PLPC018984 Primary Display ID,,PLPC018984,mobile_app,sensor,False,False
sensor.plpc018984_primary_display_name,PLPC018984 Primary Display Name,,PLPC018984,mobile_app,sensor,False,False
sensor.plpc018984_primary_display_name_2,PLPC018984 Primary Display Name,,PLPC018984,mobile_app,sensor,False,False
sensor.plpc018984_ssid,PLPC018984 SSID,,PLPC018984,mobile_app,sensor,False,False
sensor.plpc018984_ssid_2,PLPC018984 SSID,,PLPC018984,mobile_app,sensor,False,False
sensor.plpc018984_storage,PLPC018984 Storage,,PLPC018984,mobile_app,sensor,False,False
sensor.plpc018984_storage_2,PLPC018984 Storage,,PLPC018984,mobile_app,sensor,False,False
sensor.plplpc01112221_active_audio_input,PLPLPC01112221 Active Audio Input,,PLPC018984,mobile_app,sensor,False,False
sensor.plplpc01112221_active_audio_output,PLPLPC01112221 Active Audio Output,,PLPC018984,mobile_app,sensor,False,False
sensor.plplpc01112221_active_camera,PLPLPC01112221 Active Camera,,PLPC018984,mobile_app,sensor,False,False
sensor.plplpc01112221_app_version,PLPLPC01112221 App Version,,PLPC018984,mobile_app,sensor,False,False
sensor.plplpc01112221_audio_output,PLPLPC01112221 Audio Output,,PLPC018984,mobile_app,sensor,False,False
sensor.plplpc01112221_bssid,PLPLPC01112221 BSSID,,PLPC018984,mobile_app,sensor,False,False
sensor.plplpc01112221_connection_type,PLPLPC01112221 Connection Type,,PLPC018984,mobile_app,sensor,False,False
sensor.plplpc01112221_displays,PLPLPC01112221 Displays,,PLPC018984,mobile_app,sensor,False,False
sensor.plplpc01112221_frontmost_app,PLPLPC01112221 Frontmost App,,PLPC018984,mobile_app,sensor,False,False
sensor.plplpc01112221_geocoded_location,PLPLPC01112221 Geocoded Location,,PLPC018984,mobile_app,sensor,False,False
sensor.plplpc01112221_internal_battery_level,PLPLPC01112221 Internal Battery Level,,PLPC018984,mobile_app,sensor,False,False
sensor.plplpc01112221_internal_battery_state,PLPLPC01112221 Internal Battery State,,PLPC018984,mobile_app,sensor,False,False
sensor.plplpc01112221_last_update_trigger,PLPLPC01112221 Last Update Trigger,,PLPC018984,mobile_app,sensor,False,False
sensor.plplpc01112221_location_permission,PLPLPC01112221 Location permission,,PLPC018984,mobile_app,sensor,False,False
sensor.plplpc01112221_primary_display_id,PLPLPC01112221 Primary Display ID,,PLPC018984,mobile_app,sensor,False,False
sensor.plplpc01112221_primary_display_name,PLPLPC01112221 Primary Display Name,,PLPC018984,mobile_app,sensor,False,False
sensor.plplpc01112221_ssid,PLPLPC01112221 SSID,,PLPC018984,mobile_app,sensor,False,False
sensor.plplpc01112221_storage,PLPLPC01112221 Storage,,PLPC018984,mobile_app,sensor,False,False
sensor.polleninformation_poland_52_1659_17_1430_alder,Olsza,,"Polleninformation (Poland (52.1659, 17.1430))",polleninformation,sensor,False,False
sensor.polleninformation_poland_52_1659_17_1430_allergy_risk,Allergy risk,,"Polleninformation (Poland (52.1659, 17.1430))",polleninformation,sensor,False,False
sensor.polleninformation_poland_52_1659_17_1430_allergy_risk_hourly,Allergy risk hourly,,"Polleninformation (Poland (52.1659, 17.1430))",polleninformation,sensor,False,False
sensor.polleninformation_poland_52_1659_17_1430_birch,Brzoza,,"Polleninformation (Poland (52.1659, 17.1430))",polleninformation,sensor,False,False
sensor.polleninformation_poland_52_1659_17_1430_grasses,Trawy,,"Polleninformation (Poland (52.1659, 17.1430))",polleninformation,sensor,False,False
sensor.polleninformation_poland_52_1659_17_1430_mugwort,Bylica,,"Polleninformation (Poland (52.1659, 17.1430))",polleninformation,sensor,False,False
sensor.polleninformation_poland_52_1659_17_1430_olive,Oliwka,,"Polleninformation (Poland (52.1659, 17.1430))",polleninformation,sensor,False,False
sensor.polleninformation_poland_52_1659_17_1430_ragweed,Ambrozja,,"Polleninformation (Poland (52.1659, 17.1430))",polleninformation,sensor,False,False
sensor.pool_filter_ac_frequency,AC frequency,Garden back,Pool filter,zha,sensor,False,False
sensor.pool_filter_current,Current,Garden back,Pool filter,zha,sensor,False,False
sensor.pool_filter_instantaneous_demand,Instantaneous demand,Garden back,Pool filter,zha,sensor,False,False
sensor.pool_filter_power,Power,Garden back,Pool filter,zha,sensor,False,False
sensor.pool_filter_power_factor,Power factor,Garden back,Pool filter,zha,sensor,False,False
sensor.pool_filter_summation_delivered,Summation delivered,Garden back,Pool filter,zha,sensor,False,False
sensor.pool_filter_voltage,Voltage,Garden back,Pool filter,zha,sensor,False,False
sensor.power_highest_peak_time_today,Highest power peak time - today,Garden back,Solar production forecast,forecast_solar,sensor,False,False
sensor.power_highest_peak_time_tomorrow,Highest power peak time - tomorrow,Garden back,Solar production forecast,forecast_solar,sensor,False,False
sensor.power_production_next_12hours,Estimated power production - in 12 hours,Garden back,Solar production forecast,forecast_solar,sensor,True,False
sensor.power_production_next_24hours,Estimated power production - in 24 hours,Garden back,Solar production forecast,forecast_solar,sensor,True,False
sensor.power_production_next_hour,Estimated power production - in 1 hour,Garden back,Solar production forecast,forecast_solar,sensor,True,False
sensor.power_production_now,Estimated power production - now,Garden back,Solar production forecast,forecast_solar,sensor,False,False
sensor.pralka_completion_time,Completion time,Storage Room,Pralka,smartthings,sensor,False,False
sensor.pralka_energy_2,Energy,Storage Room,Pralka,smartthings,sensor,False,False
sensor.pralka_energy_cost,,,,energy,sensor,False,True
sensor.pralka_energy_difference,Energy difference,Storage Room,Pralka,smartthings,sensor,False,False
sensor.pralka_energy_meter,Pralka Energy Meter,Storage Room,Pralka,smartthings,sensor,False,False
sensor.pralka_energy_meter_cost,,,,energy,sensor,False,True
sensor.pralka_energy_saved,Energy saved,Storage Room,Pralka,smartthings,sensor,False,False
sensor.pralka_energysaved,Pralka energySaved,Storage Room,Pralka,smartthings,sensor,False,False
sensor.pralka_job_state,Job state,Storage Room,Pralka,smartthings,sensor,False,False
sensor.pralka_machine_state,Machine state,Storage Room,Pralka,smartthings,sensor,False,False
sensor.pralka_power,Pralka power,Storage Room,Pralka,smartthings,sensor,False,False
sensor.pralka_power_2,Power,Storage Room,Pralka,smartthings,sensor,False,False
sensor.pralka_power_energy,Power energy,Storage Room,Pralka,smartthings,sensor,False,False
sensor.pralka_power_meter,Pralka Power Meter,Storage Room,Pralka,smartthings,sensor,False,False
sensor.pralka_powerenergy,Pralka powerEnergy,Storage Room,Pralka,smartthings,sensor,False,False
sensor.pralka_washer_completion_time,Pralka Washer Completion Time,Storage Room,Pralka,smartthings,sensor,False,False
sensor.pralka_washer_job_state,Pralka Washer Job State,Storage Room,Pralka,smartthings,sensor,False,False
sensor.pralka_washer_machine_state,Pralka Washer Machine State,Storage Room,Pralka,smartthings,sensor,False,False
sensor.radarr_disk_space_movies,Disk space movies,Living Room,Radarr,radarr,sensor,False,False
sensor.radarr_films,Films,Living Room,Radarr,radarr,sensor,True,False
sensor.radarr_queue,Queue,Living Room,Radarr,radarr,sensor,True,False
sensor.radarr_start_time,Start time,Living Room,Radarr,radarr,sensor,True,False
sensor.ruch_lazienka_sonoff_a48001189b_battery,Ruch lazienka  Battery,,Ruch lazienka ,sonoff,sensor,False,False
sensor.ruch_lazienka_sonoff_a48001189b_connection,Ruch lazienka  Connection,,Ruch lazienka ,sonoff,sensor,True,False
sensor.samba_share_cpu_percent,CPU percent,,Samba share,hassio,sensor,True,False
sensor.samba_share_memory_percent,Memory percent,,Samba share,hassio,sensor,True,False
sensor.samba_share_newest_version,Newest version,,Samba share,hassio,sensor,True,False
sensor.samba_share_version,Version,,Samba share,hassio,sensor,True,False
sensor.sauna_cost_monthly,Sauna cost monthly,,,template,sensor,False,False
sensor.sauna_cost_yearly,Sauna cost yearly,,,template,sensor,False,False
sensor.sauna_energy,Sauna energy,,,integration,sensor,False,False
sensor.sauna_hours_monthly,Sauna hours monthly,,,history_stats,sensor,False,False
sensor.sauna_power,Sauna power,,,template,sensor,False,False
sensor.set_point_value_temp_system_1_cooling_50241,"Set point value temp system 1, cooling (50241)",Storage Room,BA-SVM 10-200/12 E,myuplink,sensor,False,False
sensor.set_point_value_temp_system_1_heat_50233,"Set point value temp system 1, heat (50233)",Storage Room,BA-SVM 10-200/12 E,myuplink,sensor,False,False
sensor.silicon_labs_ezsp_address_conflict_sent,ADDRESS_CONFLICT_SENT,Entrance, Generic Zigbee Coordinator (EZSP),zha,sensor,True,False
sensor.silicon_labs_ezsp_allocate_packet_buffer_failure,ALLOCATE_PACKET_BUFFER_FAILURE,Entrance, Generic Zigbee Coordinator (EZSP),zha,sensor,True,False
sensor.silicon_labs_ezsp_aps_data_rx_broadcast,APS_DATA_RX_BROADCAST,Entrance, Generic Zigbee Coordinator (EZSP),zha,sensor,True,False
sensor.silicon_labs_ezsp_aps_data_rx_unicast,APS_DATA_RX_UNICAST,Entrance, Generic Zigbee Coordinator (EZSP),zha,sensor,True,False
sensor.silicon_labs_ezsp_aps_data_tx_broadcast,APS_DATA_TX_BROADCAST,Entrance, Generic Zigbee Coordinator (EZSP),zha,sensor,True,False
sensor.silicon_labs_ezsp_aps_data_tx_unicast_failed,APS_DATA_TX_UNICAST_FAILED,Entrance, Generic Zigbee Coordinator (EZSP),zha,sensor,True,False
sensor.silicon_labs_ezsp_aps_data_tx_unicast_retry,APS_DATA_TX_UNICAST_RETRY,Entrance, Generic Zigbee Coordinator (EZSP),zha,sensor,True,False
sensor.silicon_labs_ezsp_aps_data_tx_unicast_success,APS_DATA_TX_UNICAST_SUCCESS,Entrance, Generic Zigbee Coordinator (EZSP),zha,sensor,True,False
sensor.silicon_labs_ezsp_aps_decryption_failure,APS_DECRYPTION_FAILURE,Entrance, Generic Zigbee Coordinator (EZSP),zha,sensor,True,False
sensor.silicon_labs_ezsp_aps_frame_counter_failure,APS_FRAME_COUNTER_FAILURE,Entrance, Generic Zigbee Coordinator (EZSP),zha,sensor,True,False
sensor.silicon_labs_ezsp_aps_link_key_not_authorized,APS_LINK_KEY_NOT_AUTHORIZED,Entrance, Generic Zigbee Coordinator (EZSP),zha,sensor,True,False
sensor.silicon_labs_ezsp_ash_framing_error,ASH_FRAMING_ERROR,Entrance, Generic Zigbee Coordinator (EZSP),zha,sensor,True,False
sensor.silicon_labs_ezsp_ash_overflow_error,ASH_OVERFLOW_ERROR,Entrance, Generic Zigbee Coordinator (EZSP),zha,sensor,True,False
sensor.silicon_labs_ezsp_ash_overrun_error,ASH_OVERRUN_ERROR,Entrance, Generic Zigbee Coordinator (EZSP),zha,sensor,True,False
sensor.silicon_labs_ezsp_broadcast_rx,broadcast_rx,Entrance, Generic Zigbee Coordinator (EZSP),zha,sensor,True,False
sensor.silicon_labs_ezsp_broadcast_table_full,BROADCAST_TABLE_FULL,Entrance, Generic Zigbee Coordinator (EZSP),zha,sensor,True,False
sensor.silicon_labs_ezsp_broadcast_tx_failure_unexpected,broadcast_tx_failure_unexpected,Entrance, Generic Zigbee Coordinator (EZSP),zha,sensor,True,False
sensor.silicon_labs_ezsp_broadcast_tx_success_unexpected,broadcast_tx_success_unexpected,Entrance, Generic Zigbee Coordinator (EZSP),zha,sensor,True,False
sensor.silicon_labs_ezsp_child_removed,CHILD_REMOVED,Entrance, Generic Zigbee Coordinator (EZSP),zha,sensor,True,False
sensor.silicon_labs_ezsp_ezsp_free_buffers,EZSP_FREE_BUFFERS,Entrance, Generic Zigbee Coordinator (EZSP),zha,sensor,True,False
sensor.silicon_labs_ezsp_join_indication,JOIN_INDICATION,Entrance, Generic Zigbee Coordinator (EZSP),zha,sensor,True,False
sensor.silicon_labs_ezsp_mac_rx_broadcast,MAC_RX_BROADCAST,Entrance, Generic Zigbee Coordinator (EZSP),zha,sensor,True,False
sensor.silicon_labs_ezsp_mac_rx_unicast,MAC_RX_UNICAST,Entrance, Generic Zigbee Coordinator (EZSP),zha,sensor,True,False
sensor.silicon_labs_ezsp_mac_tx_broadcast,MAC_TX_BROADCAST,Entrance, Generic Zigbee Coordinator (EZSP),zha,sensor,True,False
sensor.silicon_labs_ezsp_mac_tx_unicast_failed,MAC_TX_UNICAST_FAILED,Entrance, Generic Zigbee Coordinator (EZSP),zha,sensor,True,False
sensor.silicon_labs_ezsp_mac_tx_unicast_retry,MAC_TX_UNICAST_RETRY,Entrance, Generic Zigbee Coordinator (EZSP),zha,sensor,True,False
sensor.silicon_labs_ezsp_mac_tx_unicast_success,MAC_TX_UNICAST_SUCCESS,Entrance, Generic Zigbee Coordinator (EZSP),zha,sensor,True,False
sensor.silicon_labs_ezsp_neighbor_added,NEIGHBOR_ADDED,Entrance, Generic Zigbee Coordinator (EZSP),zha,sensor,True,False
sensor.silicon_labs_ezsp_neighbor_removed,NEIGHBOR_REMOVED,Entrance, Generic Zigbee Coordinator (EZSP),zha,sensor,True,False
sensor.silicon_labs_ezsp_neighbor_stale,NEIGHBOR_STALE,Entrance, Generic Zigbee Coordinator (EZSP),zha,sensor,True,False
sensor.silicon_labs_ezsp_nwk_decryption_failure,NWK_DECRYPTION_FAILURE,Entrance, Generic Zigbee Coordinator (EZSP),zha,sensor,True,False
sensor.silicon_labs_ezsp_nwk_frame_counter_failure,NWK_FRAME_COUNTER_FAILURE,Entrance, Generic Zigbee Coordinator (EZSP),zha,sensor,True,False
sensor.silicon_labs_ezsp_packet_validate_library_dropped_count,PACKET_VALIDATE_LIBRARY_DROPPED_COUNT,Entrance, Generic Zigbee Coordinator (EZSP),zha,sensor,True,False
sensor.silicon_labs_ezsp_phy_cca_fail_count,PHY_CCA_FAIL_COUNT,Entrance, Generic Zigbee Coordinator (EZSP),zha,sensor,True,False
sensor.silicon_labs_ezsp_phy_to_mac_queue_limit_reached,PHY_TO_MAC_QUEUE_LIMIT_REACHED,Entrance, Generic Zigbee Coordinator (EZSP),zha,sensor,True,False
sensor.silicon_labs_ezsp_pta_hi_pri_denied,PTA_HI_PRI_DENIED,Entrance, Generic Zigbee Coordinator (EZSP),zha,sensor,True,False
sensor.silicon_labs_ezsp_pta_hi_pri_requested,PTA_HI_PRI_REQUESTED,Entrance, Generic Zigbee Coordinator (EZSP),zha,sensor,True,False
sensor.silicon_labs_ezsp_pta_hi_pri_tx_aborted,PTA_HI_PRI_TX_ABORTED,Entrance, Generic Zigbee Coordinator (EZSP),zha,sensor,True,False
sensor.silicon_labs_ezsp_pta_lo_pri_denied,PTA_LO_PRI_DENIED,Entrance, Generic Zigbee Coordinator (EZSP),zha,sensor,True,False
sensor.silicon_labs_ezsp_pta_lo_pri_requested,PTA_LO_PRI_REQUESTED,Entrance, Generic Zigbee Coordinator (EZSP),zha,sensor,True,False
sensor.silicon_labs_ezsp_pta_lo_pri_tx_aborted,PTA_LO_PRI_TX_ABORTED,Entrance, Generic Zigbee Coordinator (EZSP),zha,sensor,True,False
sensor.silicon_labs_ezsp_relayed_unicast,RELAYED_UNICAST,Entrance, Generic Zigbee Coordinator (EZSP),zha,sensor,True,False
sensor.silicon_labs_ezsp_route_discovery_initiated,ROUTE_DISCOVERY_INITIATED,Entrance, Generic Zigbee Coordinator (EZSP),zha,sensor,True,False
sensor.silicon_labs_ezsp_type_nwk_retry_overflow,TYPE_NWK_RETRY_OVERFLOW,Entrance, Generic Zigbee Coordinator (EZSP),zha,sensor,True,False
sensor.silicon_labs_ezsp_unicast_rx,unicast_rx,Entrance, Generic Zigbee Coordinator (EZSP),zha,sensor,True,False
sensor.silicon_labs_ezsp_unicast_tx_failure,unicast_tx_failure,Entrance, Generic Zigbee Coordinator (EZSP),zha,sensor,True,False
sensor.silicon_labs_ezsp_unicast_tx_success,unicast_tx_success,Entrance, Generic Zigbee Coordinator (EZSP),zha,sensor,True,False
sensor.silicon_labs_ezsp_utility,UTILITY,Entrance, Generic Zigbee Coordinator (EZSP),zha,sensor,True,False
sensor.slave_1_eb101_charge_pump_speed_eb101_gp12_44396,Slave 1 (EB101) Charge pump speed (EB101-GP12) (44396),Storage Room,BA-SVM 10-200/12 E,myuplink,sensor,False,False
sensor.slave_1_eb101_current_compressor_frequency_eb101_44701,Slave 1 (EB101) Current compressor frequency (EB101) (44701),Storage Room,BA-SVM 10-200/12 E,myuplink,sensor,False,False
sensor.slave_1_eb101_discharge_eb101_bt14_44059,Slave 1 (EB101) Discharge (EB101-BT14) (44059),Storage Room,BA-SVM 10-200/12 E,myuplink,sensor,False,False
sensor.slave_1_eb101_evaporator_eb101_bt16_44363,Slave 1 (EB101) Evaporator (EB101-BT16) (44363),Storage Room,BA-SVM 10-200/12 E,myuplink,sensor,False,False
sensor.slave_1_eb101_high_pressure_sensor_eb101_bp4_44699,Slave 1 (EB101) High pressure sensor (EB101-BP4) (44699),Storage Room,BA-SVM 10-200/12 E,myuplink,sensor,False,False
sensor.slave_1_eb101_liquid_line_eb101_bt15_44060,Slave 1 (EB101) Liquid line (EB101-BT15) (44060),Storage Room,BA-SVM 10-200/12 E,myuplink,sensor,False,False
sensor.slave_1_eb101_low_pressure_eb101_bp8_44700,Slave 1 (EB101) Low pressure (EB101-BP8) (44700),Storage Room,BA-SVM 10-200/12 E,myuplink,sensor,False,False
sensor.slave_1_eb101_outd_temperature_eb101_bt28_44362,Slave 1 (EB101) Outd temperature (EB101-BT28) (44362),Storage Room,BA-SVM 10-200/12 E,myuplink,sensor,False,False
sensor.slave_1_eb101_prot_mode_compressor_eb101_44702,"Slave 1 (EB101) Prot. mode, compressor (EB101) (44702)",Storage Room,BA-SVM 10-200/12 E,myuplink,sensor,False,False
sensor.slave_1_eb101_requested_compressor_freq_eb101_40782,Slave 1 (EB101) Requested compressor freq (EB101) (40782),Storage Room,BA-SVM 10-200/12 E,myuplink,sensor,False,False
sensor.slave_1_eb101_return_line_eb101_bt3_44055,Slave 1 (EB101) Return line (EB101-BT3) (44055),Storage Room,BA-SVM 10-200/12 E,myuplink,sensor,False,False
sensor.slave_1_eb101_slave_eb101_44032,Slave 1 (EB101) Slave (EB101) (44032),Storage Room,BA-SVM 10-200/12 E,myuplink,sensor,False,False
sensor.slave_1_eb101_status_compressor_eb101_44064,Slave 1 (EB101) Status compressor (EB101) (44064),Storage Room,BA-SVM 10-200/12 E,myuplink,sensor,False,False
sensor.slave_1_eb101_suction_gas_eb101_bt17_44061,Slave 1 (EB101) Suction gas (EB101-BT17) (44061),Storage Room,BA-SVM 10-200/12 E,myuplink,sensor,False,False
sensor.slave_1_eb101_supply_line_eb101_bt12_44058,Slave 1 (EB101) Supply line (EB101-BT12) (44058),Storage Room,BA-SVM 10-200/12 E,myuplink,sensor,False,False
sensor.slave_1_eb101_version_eb101_44014,Slave 1 (EB101) Version (EB101) (44014),Storage Room,BA-SVM 10-200/12 E,myuplink,sensor,False,False
sensor.sm_a415f_accent_color,SM-A415F Accent color,,SM-A415F,mobile_app,sensor,True,False
sensor.sm_a415f_active_notification_count,SM-A415F Active notification count,,SM-A415F,mobile_app,sensor,True,False
sensor.sm_a415f_app_importance,SM-A415F App importance,,SM-A415F,mobile_app,sensor,True,False
sensor.sm_a415f_app_memory,SM-A415F App memory,,SM-A415F,mobile_app,sensor,True,False
sensor.sm_a415f_app_rx_gb,SM-A415F App Rx GB,,SM-A415F,mobile_app,sensor,True,False
sensor.sm_a415f_app_standby_bucket,SM-A415F App standby bucket,,SM-A415F,mobile_app,sensor,True,False
sensor.sm_a415f_app_tx_gb,SM-A415F App Tx GB,,SM-A415F,mobile_app,sensor,True,False
sensor.sm_a415f_audio_mode,SM-A415F Audio mode,,SM-A415F,mobile_app,sensor,True,False
sensor.sm_a415f_battery_health,SM-A415F Battery health,,SM-A415F,mobile_app,sensor,True,False
sensor.sm_a415f_battery_level,SM-A415F Battery level,,SM-A415F,mobile_app,sensor,False,False
sensor.sm_a415f_battery_power,SM-A415F Battery power,,SM-A415F,mobile_app,sensor,True,False
sensor.sm_a415f_battery_state,SM-A415F Battery state,,SM-A415F,mobile_app,sensor,False,False
sensor.sm_a415f_battery_temperature,SM-A415F Battery temperature,,SM-A415F,mobile_app,sensor,True,False
sensor.sm_a415f_beacon_monitor,SM-A415F Beacon monitor,,SM-A415F,mobile_app,sensor,True,False
sensor.sm_a415f_ble_transmitter,SM-A415F BLE transmitter,,SM-A415F,mobile_app,sensor,True,False
sensor.sm_a415f_bluetooth_connection,SM-A415F Bluetooth connection,,SM-A415F,mobile_app,sensor,True,False
sensor.sm_a415f_car_battery,SM-A415F Car battery,,SM-A415F,mobile_app,sensor,True,False
sensor.sm_a415f_car_charging_status,SM-A415F Car charging status,,SM-A415F,mobile_app,sensor,True,False
sensor.sm_a415f_car_ev_connector_type,SM-A415F Car EV connector type,,SM-A415F,mobile_app,sensor,True,False
sensor.sm_a415f_car_fuel,SM-A415F Car fuel,,SM-A415F,mobile_app,sensor,True,False
sensor.sm_a415f_car_fuel_type,SM-A415F Car fuel type,,SM-A415F,mobile_app,sensor,True,False
sensor.sm_a415f_car_name,SM-A415F Car name,,SM-A415F,mobile_app,sensor,True,False
sensor.sm_a415f_car_odometer,SM-A415F Car odometer,,SM-A415F,mobile_app,sensor,True,False
sensor.sm_a415f_charger_type,SM-A415F Charger type,,SM-A415F,mobile_app,sensor,False,False
sensor.sm_a415f_current_time_zone,SM-A415F Current time zone,,SM-A415F,mobile_app,sensor,True,False
sensor.sm_a415f_current_version,SM-A415F Current version,,SM-A415F,mobile_app,sensor,True,False
sensor.sm_a415f_detected_activity,SM-A415F Detected activity,,SM-A415F,mobile_app,sensor,True,False
sensor.sm_a415f_do_not_disturb_sensor,SM-A415F Do Not Disturb sensor,,SM-A415F,mobile_app,sensor,True,False
sensor.sm_a415f_external_storage,SM-A415F External storage,,SM-A415F,mobile_app,sensor,True,False
sensor.sm_a415f_geocoded_location,SM-A415F Geocoded location,,SM-A415F,mobile_app,sensor,True,False
sensor.sm_a415f_high_accuracy_update_interval,SM-A415F High accuracy update interval,,SM-A415F,mobile_app,sensor,True,False
sensor.sm_a415f_internal_storage,SM-A415F Internal storage,,SM-A415F,mobile_app,sensor,True,False
sensor.sm_a415f_ipv6_addresses,SM-A415F IPv6 addresses,,SM-A415F,mobile_app,sensor,True,False
sensor.sm_a415f_last_notification,SM-A415F Last notification,,SM-A415F,mobile_app,sensor,True,False
sensor.sm_a415f_last_reboot,SM-A415F Last reboot,,SM-A415F,mobile_app,sensor,True,False
sensor.sm_a415f_last_removed_notification,SM-A415F Last removed notification,,SM-A415F,mobile_app,sensor,True,False
sensor.sm_a415f_last_update_trigger,SM-A415F Last update trigger,,SM-A415F,mobile_app,sensor,True,False
sensor.sm_a415f_last_used_app,SM-A415F Last used app,,SM-A415F,mobile_app,sensor,True,False
sensor.sm_a415f_light_sensor,SM-A415F Light sensor,,SM-A415F,mobile_app,sensor,True,False
sensor.sm_a415f_media_session,SM-A415F Media session,,SM-A415F,mobile_app,sensor,True,False
sensor.sm_a415f_mobile_rx_gb,SM-A415F Mobile Rx GB,,SM-A415F,mobile_app,sensor,True,False
sensor.sm_a415f_mobile_tx_gb,SM-A415F Mobile Tx GB,,SM-A415F,mobile_app,sensor,True,False
sensor.sm_a415f_network_type,SM-A415F Network type,,SM-A415F,mobile_app,sensor,True,False
sensor.sm_a415f_next_alarm,SM-A415F Next alarm,,SM-A415F,mobile_app,sensor,True,False
sensor.sm_a415f_os_version,SM-A415F OS version,,SM-A415F,mobile_app,sensor,True,False
sensor.sm_a415f_phone_state,SM-A415F Phone state,,SM-A415F,mobile_app,sensor,True,False
sensor.sm_a415f_proximity_sensor,SM-A415F Proximity sensor,,SM-A415F,mobile_app,sensor,False,False
sensor.sm_a415f_public_ip_address,SM-A415F Public IP address,,SM-A415F,mobile_app,sensor,True,False
sensor.sm_a415f_ringer_mode,SM-A415F Ringer mode,,SM-A415F,mobile_app,sensor,True,False
sensor.sm_a415f_screen_brightness,SM-A415F Screen brightness,,SM-A415F,mobile_app,sensor,True,False
sensor.sm_a415f_screen_off_timeout,SM-A415F Screen off timeout,,SM-A415F,mobile_app,sensor,True,False
sensor.sm_a415f_security_patch,SM-A415F Security patch,,SM-A415F,mobile_app,sensor,True,False
sensor.sm_a415f_sim_1,SM-A415F SIM 1,,SM-A415F,mobile_app,sensor,True,False
sensor.sm_a415f_sim_2,SM-A415F SIM 2,,SM-A415F,mobile_app,sensor,True,False
sensor.sm_a415f_sleep_confidence,SM-A415F Sleep confidence,,SM-A415F,mobile_app,sensor,True,False
sensor.sm_a415f_sleep_segment,SM-A415F Sleep segment,,SM-A415F,mobile_app,sensor,True,False
sensor.sm_a415f_steps_sensor,SM-A415F Steps sensor,,SM-A415F,mobile_app,sensor,True,False
sensor.sm_a415f_total_rx_gb,SM-A415F Total Rx GB,,SM-A415F,mobile_app,sensor,True,False
sensor.sm_a415f_total_tx_gb,SM-A415F Total Tx GB,,SM-A415F,mobile_app,sensor,True,False
sensor.sm_a415f_volume_level_accessibility,SM-A415F Volume level accessibility,,SM-A415F,mobile_app,sensor,True,False
sensor.sm_a415f_volume_level_alarm,SM-A415F Volume level alarm,,SM-A415F,mobile_app,sensor,True,False
sensor.sm_a415f_volume_level_call,SM-A415F Volume level call,,SM-A415F,mobile_app,sensor,True,False
sensor.sm_a415f_volume_level_dtmf,SM-A415F Volume level DTMF,,SM-A415F,mobile_app,sensor,True,False
sensor.sm_a415f_volume_level_music,SM-A415F Volume level music,,SM-A415F,mobile_app,sensor,True,False
sensor.sm_a415f_volume_level_notification,SM-A415F Volume level notification,,SM-A415F,mobile_app,sensor,True,False
sensor.sm_a415f_volume_level_ringer,SM-A415F Volume level ringer,,SM-A415F,mobile_app,sensor,True,False
sensor.sm_a415f_volume_level_system,SM-A415F Volume level system,,SM-A415F,mobile_app,sensor,True,False
sensor.sm_a415f_wifi_bssid,SM-A415F WiFi BSSID,,SM-A415F,mobile_app,sensor,True,False
sensor.sm_a415f_wifi_connection,SM-A415F WiFi connection,,SM-A415F,mobile_app,sensor,False,False
sensor.sm_a415f_wifi_frequency,SM-A415F WiFi frequency,,SM-A415F,mobile_app,sensor,True,False
sensor.sm_a415f_wifi_ip_address,SM-A415F WiFi IP address,,SM-A415F,mobile_app,sensor,True,False
sensor.sm_a415f_wifi_link_speed,SM-A415F WiFi link speed,,SM-A415F,mobile_app,sensor,True,False
sensor.sm_a415f_wifi_signal_strength,SM-A415F WiFi signal strength,,SM-A415F,mobile_app,sensor,True,False
sensor.sm_s921b_accent_color,SM-S921B Accent color,,SM-S921B,mobile_app,sensor,False,False
sensor.sm_s921b_active_calories_burned,SM-S921B Active calories burned,,SM-S921B,mobile_app,sensor,True,False
sensor.sm_s921b_active_notification_count,SM-S921B Active notification count,,SM-S921B,mobile_app,sensor,False,False
sensor.sm_s921b_app_importance,SM-S921B App importance,,SM-S921B,mobile_app,sensor,True,False
sensor.sm_s921b_app_memory,SM-S921B App memory,,SM-S921B,mobile_app,sensor,True,False
sensor.sm_s921b_app_rx_gb,SM-S921B App Rx GB,,SM-S921B,mobile_app,sensor,True,False
sensor.sm_s921b_app_standby_bucket,SM-S921B App standby bucket,,SM-S921B,mobile_app,sensor,True,False
sensor.sm_s921b_app_tx_gb,SM-S921B App Tx GB,,SM-S921B,mobile_app,sensor,True,False
sensor.sm_s921b_audio_mode,SM-S921B Audio mode,,SM-S921B,mobile_app,sensor,False,False
sensor.sm_s921b_basal_body_temperature,SM-S921B Basal body temperature,,SM-S921B,mobile_app,sensor,True,False
sensor.sm_s921b_basal_metabolic_rate,SM-S921B Basal metabolic rate,,SM-S921B,mobile_app,sensor,True,False
sensor.sm_s921b_battery_cycle_count,SM-S921B Battery cycle count,,SM-S921B,mobile_app,sensor,True,False
sensor.sm_s921b_battery_health,SM-S921B Battery health,,SM-S921B,mobile_app,sensor,True,False
sensor.sm_s921b_battery_level,SM-S921B Battery level,,SM-S921B,mobile_app,sensor,False,False
sensor.sm_s921b_battery_power,SM-S921B Battery power,,SM-S921B,mobile_app,sensor,True,False
sensor.sm_s921b_battery_state,SM-S921B Battery state,,SM-S921B,mobile_app,sensor,False,False
sensor.sm_s921b_battery_temperature,SM-S921B Battery temperature,,SM-S921B,mobile_app,sensor,True,False
sensor.sm_s921b_beacon_monitor,SM-S921B Beacon monitor,,SM-S921B,mobile_app,sensor,False,False
sensor.sm_s921b_ble_transmitter,SM-S921B BLE transmitter,,SM-S921B,mobile_app,sensor,False,False
sensor.sm_s921b_blood_glucose,SM-S921B Blood glucose,,SM-S921B,mobile_app,sensor,True,False
sensor.sm_s921b_bluetooth_connection,SM-S921B Bluetooth connection,,SM-S921B,mobile_app,sensor,False,False
sensor.sm_s921b_body_fat,SM-S921B Body fat,,SM-S921B,mobile_app,sensor,True,False
sensor.sm_s921b_body_temperature,SM-S921B Body temperature,,SM-S921B,mobile_app,sensor,True,False
sensor.sm_s921b_body_water_mass,SM-S921B Body water mass,,SM-S921B,mobile_app,sensor,True,False
sensor.sm_s921b_bone_mass,SM-S921B Bone mass,,SM-S921B,mobile_app,sensor,True,False
sensor.sm_s921b_car_battery,SM-S921B Car battery,,SM-S921B,mobile_app,sensor,True,False
sensor.sm_s921b_car_charging_status,SM-S921B Car charging status,,SM-S921B,mobile_app,sensor,True,False
sensor.sm_s921b_car_ev_connector_type,SM-S921B Car EV connector type,,SM-S921B,mobile_app,sensor,True,False
sensor.sm_s921b_car_fuel,SM-S921B Car fuel,,SM-S921B,mobile_app,sensor,True,False
sensor.sm_s921b_car_fuel_type,SM-S921B Car fuel type,,SM-S921B,mobile_app,sensor,True,False
sensor.sm_s921b_car_name,SM-S921B Car name,,SM-S921B,mobile_app,sensor,False,False
sensor.sm_s921b_car_odometer,SM-S921B Car odometer,,SM-S921B,mobile_app,sensor,True,False
sensor.sm_s921b_car_range_remaining,SM-S921B Car range remaining,,SM-S921B,mobile_app,sensor,False,False
sensor.sm_s921b_car_speed,SM-S921B Car speed,,SM-S921B,mobile_app,sensor,False,False
sensor.sm_s921b_charger_type,SM-S921B Charger type,,SM-S921B,mobile_app,sensor,False,False
sensor.sm_s921b_current_time_zone,SM-S921B Current time zone,,SM-S921B,mobile_app,sensor,True,False
sensor.sm_s921b_current_version,SM-S921B Current version,,SM-S921B,mobile_app,sensor,True,False
sensor.sm_s921b_daily_distance,SM-S921B Daily distance,,SM-S921B,mobile_app,sensor,True,False
sensor.sm_s921b_daily_elevation_gained,SM-S921B Daily elevation gained,,SM-S921B,mobile_app,sensor,True,False
sensor.sm_s921b_daily_floors,SM-S921B Daily floors,,SM-S921B,mobile_app,sensor,True,False
sensor.sm_s921b_daily_hydration,SM-S921B Daily hydration,,SM-S921B,mobile_app,sensor,True,False
sensor.sm_s921b_daily_steps,SM-S921B Daily steps,,SM-S921B,mobile_app,sensor,True,False
sensor.sm_s921b_data_network_type_sim_1,SM-S921B Data network type (SIM 1),,SM-S921B,mobile_app,sensor,True,False
sensor.sm_s921b_data_network_type_sim_2,SM-S921B Data network type (SIM 2),,SM-S921B,mobile_app,sensor,True,False
sensor.sm_s921b_detected_activity,SM-S921B Detected activity,,SM-S921B,mobile_app,sensor,False,False
sensor.sm_s921b_diastolic_blood_pressure,SM-S921B Diastolic blood pressure,,SM-S921B,mobile_app,sensor,True,False
sensor.sm_s921b_do_not_disturb_sensor,SM-S921B Do Not Disturb sensor,,SM-S921B,mobile_app,sensor,False,False
sensor.sm_s921b_external_storage,SM-S921B External storage,,SM-S921B,mobile_app,sensor,True,False
sensor.sm_s921b_geocoded_location,SM-S921B Geocoded location,,SM-S921B,mobile_app,sensor,False,False
sensor.sm_s921b_heart_rate,SM-S921B Heart rate,,SM-S921B,mobile_app,sensor,True,False
sensor.sm_s921b_heart_rate_variability,SM-S921B Heart rate variability,,SM-S921B,mobile_app,sensor,True,False
sensor.sm_s921b_height,SM-S921B Height,,SM-S921B,mobile_app,sensor,True,False
sensor.sm_s921b_high_accuracy_update_interval,SM-S921B High accuracy update interval,,SM-S921B,mobile_app,sensor,True,False
sensor.sm_s921b_internal_storage,SM-S921B Internal storage,,SM-S921B,mobile_app,sensor,True,False
sensor.sm_s921b_ipv6_addresses,SM-S921B IPv6 addresses,,SM-S921B,mobile_app,sensor,True,False
sensor.sm_s921b_last_notification,SM-S921B Last notification,,SM-S921B,mobile_app,sensor,False,False
sensor.sm_s921b_last_reboot,SM-S921B Last reboot,,SM-S921B,mobile_app,sensor,False,False
sensor.sm_s921b_last_removed_notification,SM-S921B Last removed notification,,SM-S921B,mobile_app,sensor,False,False
sensor.sm_s921b_last_update_trigger,SM-S921B Last update trigger,,SM-S921B,mobile_app,sensor,False,False
sensor.sm_s921b_last_used_app,SM-S921B Last used app,,SM-S921B,mobile_app,sensor,True,False
sensor.sm_s921b_lean_body_mass,SM-S921B Lean body mass,,SM-S921B,mobile_app,sensor,True,False
sensor.sm_s921b_light_sensor,SM-S921B Light sensor,,SM-S921B,mobile_app,sensor,False,False
sensor.sm_s921b_media_session,SM-S921B Media session,,SM-S921B,mobile_app,sensor,False,False
sensor.sm_s921b_mobile_rx_gb,SM-S921B Mobile Rx GB,,SM-S921B,mobile_app,sensor,True,False
sensor.sm_s921b_mobile_tx_gb,SM-S921B Mobile Tx GB,,SM-S921B,mobile_app,sensor,True,False
sensor.sm_s921b_network_type,SM-S921B Network type,,SM-S921B,mobile_app,sensor,True,False
sensor.sm_s921b_next_alarm,SM-S921B Next alarm,,SM-S921B,mobile_app,sensor,False,False
sensor.sm_s921b_os_version,SM-S921B OS version,,SM-S921B,mobile_app,sensor,True,False
sensor.sm_s921b_oxygen_saturation,SM-S921B Oxygen saturation,,SM-S921B,mobile_app,sensor,True,False
sensor.sm_s921b_phone_state,SM-S921B Phone state,,SM-S921B,mobile_app,sensor,False,False
sensor.sm_s921b_pressure_sensor,SM-S921B Pressure sensor,,SM-S921B,mobile_app,sensor,False,False
sensor.sm_s921b_proximity_sensor,SM-S921B Proximity sensor,,SM-S921B,mobile_app,sensor,False,False
sensor.sm_s921b_public_ip_address,SM-S921B Public IP address,,SM-S921B,mobile_app,sensor,True,False
sensor.sm_s921b_remaining_charge_time,SM-S921B Remaining charge time,,SM-S921B,mobile_app,sensor,True,False
sensor.sm_s921b_respiratory_rate,SM-S921B Respiratory rate,,SM-S921B,mobile_app,sensor,True,False
sensor.sm_s921b_resting_heart_rate,SM-S921B Resting heart rate,,SM-S921B,mobile_app,sensor,True,False
sensor.sm_s921b_ringer_mode,SM-S921B Ringer mode,,SM-S921B,mobile_app,sensor,False,False
sensor.sm_s921b_screen_brightness,SM-S921B Screen brightness,,SM-S921B,mobile_app,sensor,True,False
sensor.sm_s921b_screen_off_timeout,SM-S921B Screen off timeout,,SM-S921B,mobile_app,sensor,True,False
sensor.sm_s921b_screen_orientation,SM-S921B Screen orientation,,SM-S921B,mobile_app,sensor,True,False
sensor.sm_s921b_screen_rotation,SM-S921B Screen rotation,,SM-S921B,mobile_app,sensor,True,False
sensor.sm_s921b_security_patch,SM-S921B Security patch,,SM-S921B,mobile_app,sensor,True,False
sensor.sm_s921b_signal_strength_sim_1,SM-S921B Signal strength (SIM 1),,SM-S921B,mobile_app,sensor,True,False
sensor.sm_s921b_signal_strength_sim_2,SM-S921B Signal strength (SIM 2),,SM-S921B,mobile_app,sensor,True,False
sensor.sm_s921b_sim_1,SM-S921B SIM 1,,SM-S921B,mobile_app,sensor,True,False
sensor.sm_s921b_sim_2,SM-S921B SIM 2,,SM-S921B,mobile_app,sensor,True,False
sensor.sm_s921b_sleep_confidence,SM-S921B Sleep confidence,,SM-S921B,mobile_app,sensor,False,False
sensor.sm_s921b_sleep_duration,SM-S921B Sleep duration,,SM-S921B,mobile_app,sensor,True,False
sensor.sm_s921b_sleep_segment,SM-S921B Sleep segment,,SM-S921B,mobile_app,sensor,False,False
sensor.sm_s921b_steps_sensor,SM-S921B Steps sensor,,SM-S921B,mobile_app,sensor,False,False
sensor.sm_s921b_systolic_blood_pressure,SM-S921B Systolic blood pressure,,SM-S921B,mobile_app,sensor,True,False
sensor.sm_s921b_total_calories_burned,SM-S921B Total calories burned,,SM-S921B,mobile_app,sensor,True,False
sensor.sm_s921b_total_rx_gb,SM-S921B Total Rx GB,,SM-S921B,mobile_app,sensor,True,False
sensor.sm_s921b_total_tx_gb,SM-S921B Total Tx GB,,SM-S921B,mobile_app,sensor,True,False
sensor.sm_s921b_vo2_max,SM-S921B VO2 max,,SM-S921B,mobile_app,sensor,True,False
sensor.sm_s921b_volume_level_accessibility,SM-S921B Volume level accessibility,,SM-S921B,mobile_app,sensor,False,False
sensor.sm_s921b_volume_level_alarm,SM-S921B Volume level alarm,,SM-S921B,mobile_app,sensor,True,False
sensor.sm_s921b_volume_level_call,SM-S921B Volume level call,,SM-S921B,mobile_app,sensor,True,False
sensor.sm_s921b_volume_level_dtmf,SM-S921B Volume level DTMF,,SM-S921B,mobile_app,sensor,True,False
sensor.sm_s921b_volume_level_music,SM-S921B Volume level music,,SM-S921B,mobile_app,sensor,True,False
sensor.sm_s921b_volume_level_notification,SM-S921B Volume level notification,,SM-S921B,mobile_app,sensor,True,False
sensor.sm_s921b_volume_level_ringer,SM-S921B Volume level ringer,,SM-S921B,mobile_app,sensor,True,False
sensor.sm_s921b_volume_level_system,SM-S921B Volume level system,,SM-S921B,mobile_app,sensor,True,False
sensor.sm_s921b_weight,SM-S921B Weight,,SM-S921B,mobile_app,sensor,True,False
sensor.sm_s921b_wifi_bssid,SM-S921B Wi-Fi BSSID,,SM-S921B,mobile_app,sensor,True,False
sensor.sm_s921b_wifi_connection,SM-S921B Wi-Fi connection,,SM-S921B,mobile_app,sensor,True,False
sensor.sm_s921b_wifi_frequency,SM-S921B Wi-Fi frequency,,SM-S921B,mobile_app,sensor,True,False
sensor.sm_s921b_wifi_ip_address,SM-S921B Wi-Fi IP address,,SM-S921B,mobile_app,sensor,True,False
sensor.sm_s921b_wifi_link_speed,SM-S921B Wi-Fi link speed,,SM-S921B,mobile_app,sensor,True,False
sensor.sm_s921b_wifi_signal_strength,SM-S921B Wi-Fi signal strength,,SM-S921B,mobile_app,sensor,False,False
sensor.sonarr_commands,Commands,Living Room,Sonarr,sonarr,sensor,True,False
sensor.sonarr_disk_space,Disk space,Living Room,Sonarr,sonarr,sensor,True,False
sensor.sonarr_queue,Queue,Living Room,Sonarr,sonarr,sensor,False,False
sensor.sonarr_shows,Shows,Living Room,Sonarr,sonarr,sensor,False,False
sensor.sonarr_upcoming,Upcoming,Living Room,Sonarr,sonarr,sensor,False,False
sensor.sonarr_wanted,Wanted,Living Room,Sonarr,sonarr,sensor,True,False
sensor.spotify_connect_cpu_percent,CPU percent,,Spotify Connect,hassio,sensor,True,False
sensor.spotify_connect_memory_percent,Memory percent,,Spotify Connect,hassio,sensor,True,False
sensor.spotify_connect_newest_version,Newest version,,Spotify Connect,hassio,sensor,True,False
sensor.spotify_connect_version,Version,,Spotify Connect,hassio,sensor,True,False
sensor.spotify_tomasz_rozanek_song_acousticness,Song acousticness,Living Room,Spotify Tomasz Różanek,spotify,sensor,True,False
sensor.spotify_tomasz_rozanek_song_danceability,Song danceability,Living Room,Spotify Tomasz Różanek,spotify,sensor,True,False
sensor.spotify_tomasz_rozanek_song_energy,Song energy,Living Room,Spotify Tomasz Różanek,spotify,sensor,True,False
sensor.spotify_tomasz_rozanek_song_instrumentalness,Song instrumentalness,Living Room,Spotify Tomasz Różanek,spotify,sensor,True,False
sensor.spotify_tomasz_rozanek_song_key,Song key,Living Room,Spotify Tomasz Różanek,spotify,sensor,True,False
sensor.spotify_tomasz_rozanek_song_liveness,Song liveness,Living Room,Spotify Tomasz Różanek,spotify,sensor,True,False
sensor.spotify_tomasz_rozanek_song_mode,Song mode,Living Room,Spotify Tomasz Różanek,spotify,sensor,True,False
sensor.spotify_tomasz_rozanek_song_speechiness,Song speechiness,Living Room,Spotify Tomasz Różanek,spotify,sensor,True,False
sensor.spotify_tomasz_rozanek_song_tempo,Song tempo,Living Room,Spotify Tomasz Różanek,spotify,sensor,False,False
sensor.spotify_tomasz_rozanek_song_time_signature,Song time signature,Living Room,Spotify Tomasz Różanek,spotify,sensor,True,False
sensor.spotify_tomasz_rozanek_song_valence,Song valence,Living Room,Spotify Tomasz Różanek,spotify,sensor,True,False
sensor.stairs_run_switch_battery,Stairs run switch Battery,Living Room,Stairs run switch,zha,sensor,False,False
sensor.stairs_run_switch_battery_2,Stairs run switch Battery,Living Room,Stairs run switch,zha,sensor,False,False
sensor.starlink_azimuth,Azimuth,Garden back,Starlink,starlink,sensor,False,False
sensor.starlink_downlink_throughput,Downlink throughput,Garden back,Starlink,starlink,sensor,False,False
sensor.starlink_download,Download,Garden back,Starlink,starlink,sensor,False,False
sensor.starlink_elevation,Elevation,Garden back,Starlink,starlink,sensor,False,False
sensor.starlink_energy,Energy,Garden back,Starlink,starlink,sensor,False,False
sensor.starlink_last_boot_time,Last restart,Garden back,Starlink,starlink,sensor,False,False
sensor.starlink_ping,Ping,Garden back,Starlink,starlink,sensor,False,False
sensor.starlink_ping_drop_rate,Ping drop rate,Garden back,Starlink,starlink,sensor,False,False
sensor.starlink_power,Power,Garden back,Starlink,starlink,sensor,False,False
sensor.starlink_uplink_throughput,Uplink throughput,Garden back,Starlink,starlink,sensor,False,False
sensor.starlink_upload,Upload,Garden back,Starlink,starlink,sensor,False,False
sensor.status_50096,status: (50096),Storage Room,BA-SVM 10-200/12 E,myuplink,sensor,False,False
sensor.stodola_capacity,Stodoła - Capacity,,Stodoła,fusion_solar,sensor,False,False
sensor.stodola_contact_person,Stodoła - Contact Person,,Stodoła,fusion_solar,sensor,False,False
sensor.stodola_contact_phone,Stodoła - Contact Phone,,Stodoła,fusion_solar,sensor,False,False
sensor.stodola_current_year_co2_emission_reduction,Stodoła - Current Year - CO2 emission reduction,,Stodoła,fusion_solar,sensor,False,False
sensor.stodola_current_year_consumption,Stodoła - Current Year - Consumption,,Stodoła,fusion_solar,sensor,False,False
sensor.stodola_current_year_equivalent_tree_planted,Stodoła - Current Year - Equivalent tree planted,,Stodoła,fusion_solar,sensor,False,False
sensor.stodola_current_year_feed_in_energy,Stodoła - Current Year - Feed-in energy,,Stodoła,fusion_solar,sensor,False,False
sensor.stodola_current_year_feed_in_energy_compensation,,,,energy,sensor,False,True
sensor.stodola_current_year_global_irradiation,Stodoła - Current Year - Global irradiation,,Stodoła,fusion_solar,sensor,False,False
sensor.stodola_current_year_installed_capacity,Stodoła - Current Year - Installed capacity,,Stodoła,fusion_solar,sensor,False,False
sensor.stodola_current_year_inverter_yield,Stodoła - Current Year - Inverter yield,,Stodoła,fusion_solar,sensor,False,False
sensor.stodola_current_year_performance_ratio,Stodoła - Current Year - Performance ratio,,Stodoła,fusion_solar,sensor,False,False
sensor.stodola_current_year_revenue,Stodoła - Current Year - Revenue,,Stodoła,fusion_solar,sensor,False,False
sensor.stodola_current_year_specific_energy,Stodoła - Current Year - Specific energy,,Stodoła,fusion_solar,sensor,False,False
sensor.stodola_current_year_standard_coal_saved,Stodoła - Current Year - Standard coal saved,,Stodoła,fusion_solar,sensor,False,False
sensor.stodola_current_year_theoretical_yield,Stodoła - Current Year - Theoretical yield,,Stodoła,fusion_solar,sensor,False,False
sensor.stodola_lifetime_co2_emission_reduction,Stodoła - Lifetime - CO2 emission reduction,,Stodoła,fusion_solar,sensor,False,False
sensor.stodola_lifetime_consumption,Stodoła - Lifetime - Consumption,,Stodoła,fusion_solar,sensor,False,False
sensor.stodola_lifetime_consumption_cost,,,,energy,sensor,False,True
sensor.stodola_lifetime_equivalent_tree_planted,Stodoła - Lifetime - Equivalent tree planted,,Stodoła,fusion_solar,sensor,False,False
sensor.stodola_lifetime_feed_in_energy,Stodoła - Lifetime - Feed-in energy,,Stodoła,fusion_solar,sensor,False,False
sensor.stodola_lifetime_feed_in_energy_compensation,,,,energy,sensor,False,True
sensor.stodola_lifetime_inverter_yield,Stodoła - Lifetime - Inverter yield,,Stodoła,fusion_solar,sensor,False,False
sensor.stodola_lifetime_revenue,Stodoła - Lifetime - Revenue,,Stodoła,fusion_solar,sensor,False,False
sensor.stodola_lifetime_specific_energy,Stodoła - Lifetime - Specific energy,,Stodoła,fusion_solar,sensor,False,False
sensor.stodola_lifetime_standard_coal_saved,Stodoła - Lifetime - Standard coal saved,,Stodoła,fusion_solar,sensor,False,False
sensor.stodola_media_server_active_clients,Active clients,Living Room,stodola-media-server,jellyfin,sensor,False,False
sensor.stodola_station_address,Stodoła - Station Address,,Stodoła,fusion_solar,sensor,False,False
sensor.stodola_station_code,Stodoła - Station Code,,Stodoła,fusion_solar,sensor,False,False
sensor.stodola_station_name,Stodoła - Station Name,,Stodoła,fusion_solar,sensor,False,False
sensor.stodola_total_current_day_energy,Stodoła - Total Current Day Energy,,Stodoła,fusion_solar,sensor,False,False
sensor.stodola_total_current_day_energy_cost,,,,energy,sensor,False,True
sensor.stodola_total_current_month_energy,Stodoła - Total Current Month Energy,,Stodoła,fusion_solar,sensor,False,False
sensor.stodola_total_current_year_energy,Stodoła - Total Current Year Energy,,Stodoła,fusion_solar,sensor,False,False
sensor.stodola_total_lifetime_energy,Stodoła - Total Lifetime Energy,,Stodoła,fusion_solar,sensor,False,False
sensor.storage_motion_detector_battery,Battery,Storage Room,Storage Motion detector,zha,sensor,False,False
sensor.storage_motion_detector_lqi_2,LQI,Storage Room,Storage Motion detector,zha,sensor,True,False
sensor.storage_motion_detector_rssi_2,RSSI,Storage Room,Storage Motion detector,zha,sensor,True,False
sensor.sun_next_dawn,Next dawn,,Sun,sun,sensor,False,False
sensor.sun_next_dusk,Next dusk,,Sun,sun,sensor,False,False
sensor.sun_next_midnight,Next midnight,,Sun,sun,sensor,False,False
sensor.sun_next_noon,Next noon,,Sun,sun,sensor,False,False
sensor.sun_next_rising,Next rising,,Sun,sun,sensor,False,False
sensor.sun_next_setting,Next setting,,Sun,sun,sensor,False,False
sensor.sun_solar_azimuth,Solar azimuth,,Sun,sun,sensor,True,False
sensor.sun_solar_elevation,Solar elevation,,Sun,sun,sensor,True,False
sensor.sun_solar_rising,Solar rising,,Sun,sun,sensor,True,False
sensor.suszarka_completion_time,Completion time,Storage Room,Suszarka,smartthings,sensor,False,False
sensor.suszarka_deltaenergy,Suszarka deltaEnergy,Storage Room,Suszarka,smartthings,sensor,False,False
sensor.suszarka_dryer_completion_time,Suszarka Dryer Completion Time,Storage Room,Suszarka,smartthings,sensor,False,False
sensor.suszarka_dryer_job_state,Suszarka Dryer Job State,Storage Room,Suszarka,smartthings,sensor,False,False
sensor.suszarka_dryer_machine_state,Suszarka Dryer Machine State,Storage Room,Suszarka,smartthings,sensor,False,False
sensor.suszarka_energy_2,Energy,Storage Room,Suszarka,smartthings,sensor,False,False
sensor.suszarka_energy_cost,,,,energy,sensor,False,True
sensor.suszarka_energy_difference,Energy difference,Storage Room,Suszarka,smartthings,sensor,False,False
sensor.suszarka_energy_meter,Suszarka Energy Meter,Storage Room,Suszarka,smartthings,sensor,False,False
sensor.suszarka_energy_saved,Energy saved,Storage Room,Suszarka,smartthings,sensor,False,False
sensor.suszarka_energysaved,Suszarka energySaved,Storage Room,Suszarka,smartthings,sensor,False,False
sensor.suszarka_job_state,Job state,Storage Room,Suszarka,smartthings,sensor,False,False
sensor.suszarka_machine_state,Machine state,Storage Room,Suszarka,smartthings,sensor,False,False
sensor.suszarka_power,Suszarka power,Storage Room,Suszarka,smartthings,sensor,False,False
sensor.suszarka_power_2,Power,Storage Room,Suszarka,smartthings,sensor,False,False
sensor.suszarka_power_energy,Power energy,Storage Room,Suszarka,smartthings,sensor,False,False
sensor.suszarka_power_meter,Suszarka Power Meter,Storage Room,Suszarka,smartthings,sensor,False,False
sensor.suszarka_powerenergy,Suszarka powerEnergy,Storage Room,Suszarka,smartthings,sensor,False,False
sensor.terminal_ssh_cpu_percent,CPU percent,,Terminal & SSH,hassio,sensor,True,False
sensor.terminal_ssh_memory_percent,Memory percent,,Terminal & SSH,hassio,sensor,True,False
sensor.terminal_ssh_newest_version,Newest version,,Terminal & SSH,hassio,sensor,True,False
sensor.terminal_ssh_version,Version,,Terminal & SSH,hassio,sensor,True,False
sensor.text_not_found_id_fw_nibe_e8_lang_en_gb_pl_50249,"Text not found: id[], fw[nibe-e8], lang[en-GB-PL] (50249)",Storage Room,BA-SVM 10-200/12 E,myuplink,sensor,False,False
sensor.text_not_found_id_fw_nibe_e8_lang_en_gb_pl_65535,"Text not found: id[], fw[nibe-e8], lang[en-GB-PL] (65535)",Storage Room,BA-SVM 10-200/12 E,myuplink,sensor,False,False
sensor.time_factor_add_heat_43081,Time factor add heat (43081),Storage Room,BA-SVM 10-200/12 E,myuplink,sensor,False,False
sensor.top_led_controller_lqi_6,LQI,Living Room,Top led controller,zha,sensor,True,False
sensor.top_led_controller_rssi_6,RSSI,Living Room,Top led controller,zha,sensor,True,False
sensor.total_operating_time_44071,total operating time: (44071),Storage Room,BA-SVM 10-200/12 E,myuplink,sensor,False,False
sensor.tz3000_0t4zjtia_ts0001_lqi,LQI,Hall,Slave hall switch bedrooms,zha,sensor,True,False
sensor.tz3000_0t4zjtia_ts0001_rssi,RSSI,Hall,Slave hall switch bedrooms,zha,sensor,True,False
sensor.tz3000_4fjiwweb_ts004f_lqi,LQI,Bedroom,Knob,zha,sensor,True,False
sensor.tz3000_4fjiwweb_ts004f_rssi,RSSI,Bedroom,Knob,zha,sensor,True,False
sensor.tz3000_6ygjfyll_ts0202_lqi,LQI,Entrance,Entrance Motion Sensor,zha,sensor,True,False
sensor.tz3000_6ygjfyll_ts0202_lqi_2,LQI,Garage,Garage motion sensor,zha,sensor,True,False
sensor.tz3000_6ygjfyll_ts0202_lqi_3,LQI,Pantry,Pantry motion sensor,zha,sensor,True,False
sensor.tz3000_6ygjfyll_ts0202_rssi,RSSI,Entrance,Entrance Motion Sensor,zha,sensor,True,False
sensor.tz3000_6ygjfyll_ts0202_rssi_2,RSSI,Garage,Garage motion sensor,zha,sensor,True,False
sensor.tz3000_6ygjfyll_ts0202_rssi_3,RSSI,Pantry,Pantry motion sensor,zha,sensor,True,False
sensor.tz3000_6zvw8ham_ts0203_lqi,LQI,Entrance,Closet right door,zha,sensor,True,False
sensor.tz3000_6zvw8ham_ts0203_lqi_2,LQI,Entrance,Closet left door,zha,sensor,True,False
sensor.tz3000_6zvw8ham_ts0203_rssi,RSSI,Entrance,Closet right door,zha,sensor,True,False
sensor.tz3000_6zvw8ham_ts0203_rssi_2,RSSI,Entrance,Closet left door,zha,sensor,True,False
sensor.tz3000_b28wrpvx_ts011f_lqi,LQI,Garden back,Atrium ceiling socket,zha,sensor,True,False
sensor.tz3000_b28wrpvx_ts011f_rssi,RSSI,Garden back,Atrium ceiling socket,zha,sensor,True,False
sensor.tz3000_cauq1okq_ts0002_lqi,LQI,Hall,Hall stairs switch slave,zha,sensor,True,False
sensor.tz3000_cauq1okq_ts0002_lqi_2,LQI,Hall,Hall entrance rooms switches slave,zha,sensor,True,False
sensor.tz3000_cauq1okq_ts0002_lqi_3,LQI,Hall,Hall Storage switches slave,zha,sensor,False,False
sensor.tz3000_cauq1okq_ts0002_rssi,RSSI,Hall,Hall stairs switch slave,zha,sensor,True,False
sensor.tz3000_cauq1okq_ts0002_rssi_2,RSSI,Hall,Hall entrance rooms switches slave,zha,sensor,True,False
sensor.tz3000_cauq1okq_ts0002_rssi_3,RSSI,Hall,Hall Storage switches slave,zha,sensor,False,False
sensor.tz3000_dfgbtub0_ts0042_lqi,LQI,Living Room,Stairs run switch,zha,sensor,True,False
sensor.tz3000_dfgbtub0_ts0042_rssi,RSSI,Living Room,Stairs run switch,zha,sensor,True,False
sensor.tz3000_fihacou0_ts0001_lqi,LQI,Storage Room,Storage Main light switch,zha,sensor,False,False
sensor.tz3000_fihacou0_ts0001_lqi_2,LQI,Bathroom,Bathroom Sink switch,zha,sensor,True,False
sensor.tz3000_fihacou0_ts0001_rssi,RSSI,Storage Room,Storage Main light switch,zha,sensor,False,False
sensor.tz3000_fihacou0_ts0001_rssi_2,RSSI,Bathroom,Bathroom Sink switch,zha,sensor,True,False
sensor.tz3000_j0ktmul1_ts011f_lqi,LQI,Garden back,Sprinklers,zha,sensor,False,False
sensor.tz3000_j0ktmul1_ts011f_rssi,RSSI,Garden back,Sprinklers,zha,sensor,False,False
sensor.tz3000_jiocgoks_ts0203_lqi,LQI,Kitchen,Drawer sensor,zha,sensor,True,False
sensor.tz3000_jiocgoks_ts0203_rssi,RSSI,Kitchen,Drawer sensor,zha,sensor,True,False
sensor.tz3000_kflqsrse_ts0003_lqi,LQI,Entrance,Zha Entrance lights,zha,sensor,True,False
sensor.tz3000_kflqsrse_ts0003_lqi_2,LQI,Entrance,Zha (S) Entrance lights,zha,sensor,True,False
sensor.tz3000_kflqsrse_ts0003_lqi_4,LQI,Living Room,Living room Leds switch,zha,sensor,True,False
sensor.tz3000_kflqsrse_ts0003_lqi_6,LQI,Mezzanine,Mezzanine Main light switch,zha,sensor,True,False
sensor.tz3000_kflqsrse_ts0003_rssi,RSSI,Entrance,Zha Entrance lights,zha,sensor,True,False
sensor.tz3000_kflqsrse_ts0003_rssi_2,RSSI,Entrance,Zha (S) Entrance lights,zha,sensor,True,False
sensor.tz3000_kflqsrse_ts0003_rssi_4,RSSI,Living Room,Living room Leds switch,zha,sensor,True,False
sensor.tz3000_kflqsrse_ts0003_rssi_6,RSSI,Mezzanine,Mezzanine Main light switch,zha,sensor,True,False
sensor.tz3000_kqvb5akv_ts0001_current,Current,Garden back,Garden lamps,zha,sensor,False,False
sensor.tz3000_kqvb5akv_ts0001_lqi,LQI,Garden back,Garden lamps,zha,sensor,True,False
sensor.tz3000_kqvb5akv_ts0001_power,Power,Garden back,Garden lamps,zha,sensor,False,False
sensor.tz3000_kqvb5akv_ts0001_rssi,RSSI,Garden back,Garden lamps,zha,sensor,True,False
sensor.tz3000_kqvb5akv_ts0001_summation_delivered,Summation delivered,Garden back,Garden lamps,zha,sensor,False,False
sensor.tz3000_kqvb5akv_ts0001_voltage,Voltage,Garden back,Garden lamps,zha,sensor,False,False
sensor.tz3000_ptjcjise_ts0002_lqi_10,LQI,Mezzanine,Main light switch stairs,zha,sensor,True,False
sensor.tz3000_ptjcjise_ts0002_lqi_12,LQI,Garage,Garage light switch,zha,sensor,False,False
sensor.tz3000_ptjcjise_ts0002_lqi_2,LQI,Hall,Hall main light switch,zha,sensor,True,False
sensor.tz3000_ptjcjise_ts0002_lqi_3,LQI,Kitchen,Cabinet Switch,zha,sensor,True,False
sensor.tz3000_ptjcjise_ts0002_lqi_4,LQI,Kitchen,Island switch,zha,sensor,True,False
sensor.tz3000_ptjcjise_ts0002_lqi_5,LQI,Kitchen,Island and sofa switch,zha,sensor,True,False
sensor.tz3000_ptjcjise_ts0002_lqi_6,LQI,Kitchen,Gable wall lights switch,zha,sensor,True,False
sensor.tz3000_ptjcjise_ts0002_lqi_7,LQI,Kitchen,Kitchen Outside light switch,zha,sensor,True,False
sensor.tz3000_ptjcjise_ts0002_lqi_8,LQI,Zoe's Room,Zoe’s outside light switch,zha,sensor,True,False
sensor.tz3000_ptjcjise_ts0002_lqi_9,LQI,Living Room,entertainment switch,zha,sensor,True,False
sensor.tz3000_ptjcjise_ts0002_rssi_10,RSSI,Mezzanine,Main light switch stairs,zha,sensor,True,False
sensor.tz3000_ptjcjise_ts0002_rssi_12,RSSI,Garage,Garage light switch,zha,sensor,False,False
sensor.tz3000_ptjcjise_ts0002_rssi_2,RSSI,Hall,Hall main light switch,zha,sensor,True,False
sensor.tz3000_ptjcjise_ts0002_rssi_3,RSSI,Kitchen,Cabinet Switch,zha,sensor,True,False
sensor.tz3000_ptjcjise_ts0002_rssi_4,RSSI,Kitchen,Island switch,zha,sensor,True,False
sensor.tz3000_ptjcjise_ts0002_rssi_5,RSSI,Kitchen,Island and sofa switch,zha,sensor,True,False
sensor.tz3000_ptjcjise_ts0002_rssi_6,RSSI,Kitchen,Gable wall lights switch,zha,sensor,True,False
sensor.tz3000_ptjcjise_ts0002_rssi_7,RSSI,Kitchen,Kitchen Outside light switch,zha,sensor,True,False
sensor.tz3000_ptjcjise_ts0002_rssi_8,RSSI,Zoe's Room,Zoe’s outside light switch,zha,sensor,True,False
sensor.tz3000_ptjcjise_ts0002_rssi_9,RSSI,Living Room,entertainment switch,zha,sensor,True,False
sensor.tz3000_qaaysllp_ts0201_lqi,LQI,Living Room,LR Temperature sensor,zha,sensor,True,False
sensor.tz3000_qaaysllp_ts0201_rssi,RSSI,Living Room,LR Temperature sensor,zha,sensor,True,False
sensor.tz3000_rmiew70n_ts0002_lqi,LQI,Entrance,Entrance Outside light,zha,sensor,True,False
sensor.tz3000_rmiew70n_ts0002_rssi,RSSI,Entrance,Entrance Outside light,zha,sensor,True,False
sensor.tz3000_rxlv8md7_ts0001_current,Current,Garden back,Lamp switch,zha,sensor,False,False
sensor.tz3000_rxlv8md7_ts0001_lqi,LQI,Garden back,Lamp switch,zha,sensor,True,False
sensor.tz3000_rxlv8md7_ts0001_power,Power,Garden back,Lamp switch,zha,sensor,False,False
sensor.tz3000_rxlv8md7_ts0001_rssi,RSSI,Garden back,Lamp switch,zha,sensor,True,False
sensor.tz3000_rxlv8md7_ts0001_summation_delivered,Summation delivered,Garden back,Lamp switch,zha,sensor,False,False
sensor.tz3000_rxlv8md7_ts0001_voltage,Voltage,Garden back,Lamp switch,zha,sensor,False,False
sensor.tz3000_w05exif3_ts0003_lqi,LQI,Zoe's Room,Zoe's main light switch,zha,sensor,True,False
sensor.tz3000_w05exif3_ts0003_lqi_2,LQI,Olaf's room,Olaf's main light switch,zha,sensor,True,False
sensor.tz3000_w05exif3_ts0003_rssi,RSSI,Zoe's Room,Zoe's main light switch,zha,sensor,True,False
sensor.tz3000_w05exif3_ts0003_rssi_2,RSSI,Olaf's room,Olaf's main light switch,zha,sensor,True,False
sensor.tz3000_wrgn6xrz_ts0202_lqi,LQI,Hall,Hall motion sensor,zha,sensor,True,False
sensor.tz3000_wrgn6xrz_ts0202_rssi,RSSI,Hall,Hall motion sensor,zha,sensor,True,False
sensor.tz3210_amleyeej_ts0501b_lqi,LQI,Garden back,Extender,zha,sensor,True,False
sensor.tz3210_amleyeej_ts0501b_rssi,RSSI,Garden back,Extender,zha,sensor,True,False
sensor.tze284_debczeci_ts0601_lqi,LQI,Bathroom,Bathroom presence detector,zha,sensor,False,False
sensor.tze284_debczeci_ts0601_lqi_2,LQI,Living Room,Living room presence detector,zha,sensor,True,False
sensor.tze284_debczeci_ts0601_rssi,RSSI,Bathroom,Bathroom presence detector,zha,sensor,True,False
sensor.tze284_debczeci_ts0601_rssi_2,RSSI,Living Room,Living room presence detector,zha,sensor,True,False
sensor.vision_m_1_auto_schedule_exclusion_schedules,Auto schedule: Exclusion schedules,Garden back,Vision M 1,landroid_cloud,sensor,True,False
sensor.vision_m_1_auto_schedule_nutrition,Auto schedule: Nutrition,Garden back,Vision M 1,landroid_cloud,sensor,True,False
sensor.vision_m_1_battery,Battery,Garden back,Vision M 1,landroid_cloud,sensor,False,False
sensor.vision_m_1_battery_charge_cycles_since_reset,Battery charge cycles since reset,Garden back,Vision M 1,landroid_cloud,sensor,True,False
sensor.vision_m_1_battery_charge_cycles_total,Battery charge cycles total,Garden back,Vision M 1,landroid_cloud,sensor,True,False
sensor.vision_m_1_battery_temperature,Battery temperature,Garden back,Vision M 1,landroid_cloud,sensor,True,False
sensor.vision_m_1_battery_voltage,Battery voltage,Garden back,Vision M 1,landroid_cloud,sensor,True,False
sensor.vision_m_1_blade_runtime_at_last_reset,Blade runtime at last reset,Garden back,Vision M 1,landroid_cloud,sensor,True,False
sensor.vision_m_1_blade_runtime_reset_time,Blade runtime reset time,Garden back,Vision M 1,landroid_cloud,sensor,True,False
sensor.vision_m_1_blade_runtime_since_reset,Blade runtime since reset,Garden back,Vision M 1,landroid_cloud,sensor,True,False
sensor.vision_m_1_blade_runtime_total,Blade runtime total,Garden back,Vision M 1,landroid_cloud,sensor,True,False
sensor.vision_m_1_daily_progress,Daily progress,Garden back,Vision M 1,landroid_cloud,sensor,True,False
sensor.vision_m_1_distance_driven_total,Distance driven total,Garden back,Vision M 1,landroid_cloud,sensor,True,False
sensor.vision_m_1_error,Error,Garden back,Vision M 1,landroid_cloud,sensor,False,False
sensor.vision_m_1_last_update,Last update,Garden back,Vision M 1,landroid_cloud,sensor,True,False
sensor.vision_m_1_mower_runtime_total,Mower runtime total,Garden back,Vision M 1,landroid_cloud,sensor,True,False
sensor.vision_m_1_next_schedule,Next schedule,Garden back,Vision M 1,landroid_cloud,sensor,True,False
sensor.vision_m_1_pitch,Pitch,Garden back,Vision M 1,landroid_cloud,sensor,True,False
sensor.vision_m_1_rain_delay_remaining,Rain delay remaining,Garden back,Vision M 1,landroid_cloud,sensor,True,False
sensor.vision_m_1_roll,Roll,Garden back,Vision M 1,landroid_cloud,sensor,True,False
sensor.vision_m_1_signal_strength,Signal strength,Garden back,Vision M 1,landroid_cloud,sensor,True,False
sensor.vision_m_1_yaw,Yaw,Garden back,Vision M 1,landroid_cloud,sensor,True,False
sensor.vision_m_auto_schedule_exclusion_schedules,Auto schedule: Exclusion schedules,Garden back,Vision Tyl,landroid_cloud,sensor,True,False
sensor.vision_m_auto_schedule_nutrition,Auto schedule: Nutrition,Garden back,Vision Tyl,landroid_cloud,sensor,True,False
sensor.vision_m_battery,Battery,Garden back,Vision Tyl,landroid_cloud,sensor,False,False
sensor.vision_m_battery_charge_cycles_since_reset,Battery charge cycles since reset,Garden back,Vision Tyl,landroid_cloud,sensor,True,False
sensor.vision_m_battery_charge_cycles_total,Battery charge cycles total,Garden back,Vision Tyl,landroid_cloud,sensor,True,False
sensor.vision_m_battery_temperature,Battery temperature,Garden back,Vision Tyl,landroid_cloud,sensor,True,False
sensor.vision_m_battery_voltage,Battery voltage,Garden back,Vision Tyl,landroid_cloud,sensor,True,False
sensor.vision_m_blade_runtime_at_last_reset,Blade runtime at last reset,Garden back,Vision Tyl,landroid_cloud,sensor,True,False
sensor.vision_m_blade_runtime_reset_time,Blade runtime reset time,Garden back,Vision Tyl,landroid_cloud,sensor,True,False
sensor.vision_m_blade_runtime_since_reset,Blade runtime since reset,Garden back,Vision Tyl,landroid_cloud,sensor,True,False
sensor.vision_m_blade_runtime_total,Blade runtime total,Garden back,Vision Tyl,landroid_cloud,sensor,True,False
sensor.vision_m_daily_progress,Daily progress,Garden back,Vision Tyl,landroid_cloud,sensor,True,False
sensor.vision_m_distance_driven_total,Distance driven total,Garden back,Vision Tyl,landroid_cloud,sensor,True,False
sensor.vision_m_error,Error,Garden back,Vision Tyl,landroid_cloud,sensor,False,False
sensor.vision_m_last_update,Last update,Garden back,Vision Tyl,landroid_cloud,sensor,True,False
sensor.vision_m_mower_runtime_total,Mower runtime total,Garden back,Vision Tyl,landroid_cloud,sensor,True,False
sensor.vision_m_next_schedule,Next schedule,Garden back,Vision Tyl,landroid_cloud,sensor,True,False
sensor.vision_m_pitch,Pitch,Garden back,Vision Tyl,landroid_cloud,sensor,True,False
sensor.vision_m_rain_delay_remaining,Rain delay remaining,Garden back,Vision Tyl,landroid_cloud,sensor,True,False
sensor.vision_m_roll,Roll,Garden back,Vision Tyl,landroid_cloud,sensor,True,False
sensor.vision_m_signal_strength,Signal strength,Garden back,Vision Tyl,landroid_cloud,sensor,True,False
sensor.vision_m_yaw,Yaw,Garden back,Vision Tyl,landroid_cloud,sensor,True,False
sensor.wlacznik_salon_sonoff_a480011df8,Wlacznik salon,,Wlacznik salon,sonoff,sensor,False,False
sensor.wlacznik_salon_sonoff_a480011df8_battery,Wlacznik salon Battery,,Wlacznik salon,sonoff,sensor,False,False
sensor.wlacznik_salon_sonoff_a480011df8_connection,Wlacznik salon Connection,,Wlacznik salon,sonoff,sensor,True,False
sensor.zigbee2mqtt_bridge_coordinator_version,Coordinator version,,Zigbee2MQTT Bridge,mqtt,sensor,True,False
sensor.zigbee2mqtt_bridge_network_map,Network map,,Zigbee2MQTT Bridge,mqtt,sensor,True,False
sensor.zigbee2mqtt_bridge_version,Version,,Zigbee2MQTT Bridge,mqtt,sensor,False,False
sensor.zigbee2mqtt_cpu_percent,CPU percent,,Zigbee2MQTT,hassio,sensor,False,False
sensor.zigbee2mqtt_memory_percent,Memory percent,,Zigbee2MQTT,hassio,sensor,False,False
sensor.zigbee2mqtt_newest_version,Newest version,,Zigbee2MQTT,hassio,sensor,False,False
sensor.zigbee2mqtt_version,Version,,Zigbee2MQTT,hassio,sensor,False,False
sensor.zoe_s_led_controller_lqi_2,LQI,Zoe's Room,Zoe’s Led controller,zha,sensor,True,False
sensor.zoe_s_led_controller_rssi_2,RSSI,Zoe's Room,Zoe’s Led controller,zha,sensor,True,False
siren.main_entrance_doorbell_siren,Siren,Entrance,Main Entrance Doorbell,reolink,siren,False,False
stt.google_ai_stt,Google AI STT,,Google AI STT,google_generative_ai_conversation,stt,False,False
stt.home_assistant_cloud,Home Assistant Cloud,,,cloud,stt,False,False
switch.0x5c0272fffe06eaf0_center,Center,,Atrium switch ZMQT,mqtt,switch,False,False
switch.0x5c0272fffe06eaf0_left,Left,,Atrium switch ZMQT,mqtt,switch,False,False
switch.0x5c0272fffe06eaf0_right,Right,,Atrium switch ZMQT,mqtt,switch,False,False
switch.0x5c0272fffe06eaf4_center,Center,,Bedroom main switch,mqtt,switch,False,False
switch.0x5c0272fffe06eaf4_left,Left,,Bedroom main switch,mqtt,switch,False,False
switch.0x5c0272fffe06eaf4_right,Right,,Bedroom main switch,mqtt,switch,False,False
switch.0xa4c13801067fe42c,,,Projector socket,mqtt,switch,False,False
switch.0xa4c13801067fe42c_child_lock,Child lock,,Projector socket,mqtt,switch,False,False
switch.0xa4c13824536ce4eb_backlight_mode,Backlight mode,,Bedroom atrium switch,mqtt,switch,False,False
switch.0xa4c13824536ce4eb_l1,L1,,Bedroom atrium switch,mqtt,switch,False,False
switch.0xa4c13824536ce4eb_l2,L2,,Bedroom atrium switch,mqtt,switch,False,False
switch.0xa4c13832197c0e10_backlight_mode,Backlight mode,,Kids Bathroom switch ZMQT,mqtt,switch,False,False
switch.0xa4c13832197c0e10_l1,L1,,Kids Bathroom switch ZMQT,mqtt,switch,False,False
switch.0xa4c13832197c0e10_l2,L2,,Kids Bathroom switch ZMQT,mqtt,switch,False,False
switch.0xa4c138d20e6456d4_backlight_mode,Backlight mode,,Bathroom main switch,mqtt,switch,False,False
switch.0xa4c138d20e6456d4_l1,L1,,Bathroom main switch,mqtt,switch,False,False
switch.0xa4c138d20e6456d4_l2,L2,,Bathroom main switch,mqtt,switch,False,False
switch.0xa81710b9b1d10000_do_not_disturb,Do not disturb,,Porch led tub,mqtt,switch,False,False
switch.0xb4e3f9fffe1e4da0,,,Kids bathroom mirror switch,mqtt,switch,False,False
switch.1002656e12_toggle_1,Channel 1,,NSPanel,mqtt,switch,False,False
switch.1002656e12_toggle_2,Channel 2,,NSPanel,mqtt,switch,False,False
switch.1002656e12_toggle_inching_1_inchingenable,Channel 1 Inching Enable,,NSPanel,mqtt,switch,False,False
switch.1002656e12_toggle_inching_2_inchingenable,Channel 2 Inching Enable,,NSPanel,mqtt,switch,False,False
switch.activated_47050,activated (47050),Storage Room,BA-SVM 10-200/12 E,myuplink,switch,False,False
switch.activated_48442,activated (48442),Storage Room,BA-SVM 10-200/12 E,myuplink,switch,False,False
switch.advanced_camera_card_pre_release,Pre-release,,Advanced Camera Card,hacs,switch,True,False
switch.aircast,,,AirCast,hassio,switch,True,False
switch.alarmo_pre_release,Pre-release,,Alarmo,hacs,switch,True,False
switch.appdaemon,,,AppDaemon,hassio,switch,True,False
switch.atrium_ceiling_socket_child_lock,Atrium ceiling socket Child lock,Garden back,Atrium ceiling socket,zha,switch,False,False
switch.atrium_ceiling_socket_switch,Atrium ceiling socket Switch,Garden back,Atrium ceiling socket,zha,switch,False,False
switch.atrium_email_on_event,Email on event,Atrium,Atrium,reolink,switch,False,False
switch.atrium_ftp_upload,FTP upload,Atrium,Atrium,reolink,switch,False,False
switch.atrium_infra_red_lights_in_night_mode,Infrared lights in night mode,Atrium,Atrium,reolink,switch,False,False
switch.atrium_push_notifications,Push notifications,Atrium,Atrium,reolink,switch,False,False
switch.atrium_record,Record,Atrium,Atrium,reolink,switch,False,False
switch.atrium_record_audio,Record audio,Atrium,Atrium,reolink,switch,False,False
switch.awesome_ha_cards_pre_release,Pre-release,,Awesome HA Cards,hacs,switch,True,False
switch.bubble_card_pre_release,Pre-release,,Bubble Card,hacs,switch,True,False
switch.cabinet_switch_child_lock,Child lock,Kitchen,Cabinet Switch,zha,switch,False,False
switch.card_mod_pre_release,Pre-release,,card-mod,hacs,switch,True,False
switch.christmas_tree_socket,Socket,Living Room,christmas tree,tuya,switch,False,False
switch.clock_weather_card_pre_release,Pre-release,,Clock Weather Card,hacs,switch,True,False
switch.control_room_sensor_syst_47394,control room sensor syst (47394),Storage Room,BA-SVM 10-200/12 E,myuplink,switch,False,False
switch.deebot_4_home_assistant_pre_release,Pre-release,,Deebot 4 Home Assistant,hacs,switch,True,False
switch.digital_clock_pre_release,Pre-release,,Digital Clock,hacs,switch,True,False
switch.drawer_switch_socket,Socket,Kitchen,Drawer switch,tuya,switch,False,False
switch.ewelink_smart_home,,,eWeLink Smart Home,hassio,switch,True,False
switch.fan_sound,Sound,Living Room,Fan,tuya,switch,False,False
switch.file_editor,,,File editor,hassio,switch,True,False
switch.frosted_glass_theme_pre_release,Pre-release,,Frosted Glass Theme,hacs,switch,True,False
switch.fusion_solar_pre_release,Pre-release,,Fusion Solar,hacs,switch,True,False
switch.gable_wall_lights_switch_child_lock,Child lock,Kitchen,Gable wall lights switch,zha,switch,False,False
switch.garage_light_switch_child_lock,Garage light switch Child lock,Garage,Garage light switch,zha,switch,False,False
switch.garmin_connect_pre_release,Pre-release,,Garmin Connect,hacs,switch,True,False
switch.hacs_pre_release,Pre-release,,HACS,hacs,switch,True,False
switch.hall_main_light_switch_child_lock,Child lock,Hall,Hall main light switch,zha,switch,False,False
switch.herunohazumi_gmail_com_advanced_mode,Advanced mode,Living Room,herunohazumi@gmail.com,ecovacs,switch,True,False
switch.herunohazumi_gmail_com_advanced_mode_2,Advanced mode,,herunohazumi@gmail.com,ecovacs,switch,True,False
switch.herunohazumi_gmail_com_carpet_auto_boost_suction,Carpet auto-boost suction,Living Room,herunohazumi@gmail.com,ecovacs,switch,True,False
switch.herunohazumi_gmail_com_carpet_auto_boost_suction_2,Carpet auto-boost suction,,herunohazumi@gmail.com,ecovacs,switch,True,False
switch.herunohazumi_gmail_com_clean_preference,Clean preference,Living Room,herunohazumi@gmail.com,ecovacs,switch,True,False
switch.herunohazumi_gmail_com_clean_preference_2,Clean preference,,herunohazumi@gmail.com,ecovacs,switch,True,False
switch.herunohazumi_gmail_com_continuous_cleaning,Continuous cleaning,Living Room,herunohazumi@gmail.com,ecovacs,switch,True,False
switch.herunohazumi_gmail_com_continuous_cleaning_2,Continuous cleaning,,herunohazumi@gmail.com,ecovacs,switch,True,False
switch.herunohazumi_gmail_com_true_detect,True detect,Living Room,herunohazumi@gmail.com,ecovacs,switch,True,False
switch.herunohazumi_gmail_com_true_detect_2,True detect,,herunohazumi@gmail.com,ecovacs,switch,True,False
switch.home_assistant_google_drive_backup,,,Home Assistant Google Drive Backup,hassio,switch,True,False
switch.hot_tub_heater,Hot tub heater,,,template,switch,False,False
switch.hub_sonoff_100103620a_led,Hub LED,,Hub,sonoff,switch,True,False
switch.immich,,,Immich,hassio,switch,True,False
switch.ios_themes_dark_mode_and_light_mode_pre_release,Pre-release,,iOS Themes - Dark Mode and Light Mode,hacs,switch,True,False
switch.island_switch_child_lock,Child lock,Kitchen,Island switch,zha,switch,False,False
switch.kids_bathroom,,,Kids bathroom,mqtt,switch,False,False
switch.kitchen_outside_light_switch_child_lock,Child lock,Kitchen,Kitchen Outside light switch,zha,switch,False,False
switch.lampa_ognisko_switch_1,Switch 1,Garden back,Lampa ognisko,tuya,switch,False,False
switch.landroid_cloud_pre_release,Pre-release,,Landroid Cloud,hacs,switch,True,False
switch.layzspa_babelki,Bąbelki,,layzspa,mqtt,switch,False,False
switch.layzspa_dzwiek,Dźwięk,,layzspa,mqtt,switch,False,False
switch.layzspa_hydromasaz,Hydromasaż,,layzspa,mqtt,switch,False,False
switch.layzspa_jednostka_temp_f_c,Jednostka temp. F-C,,layzspa,mqtt,switch,False,False
switch.layzspa_pompa,Pompa,,layzspa,mqtt,switch,False,False
switch.layzspa_powiadomienia,Powiadomienia,,layzspa,mqtt,switch,False,False
switch.layzspa_przejmij_sterowanie,Przejmij sterowanie,,layzspa,mqtt,switch,False,False
switch.layzspa_przycisk_babelkow,Przycisk bąbelków,,layzspa,mqtt,switch,False,False
switch.layzspa_przycisk_blokady,Przycisk blokady,,layzspa,mqtt,switch,False,False
switch.layzspa_przycisk_filtra,Przycisk filtra,,layzspa,mqtt,switch,False,False
switch.layzspa_przycisk_grzalki,Przycisk grzałki,,layzspa,mqtt,switch,False,False
switch.layzspa_przycisk_hydromasazu,Przycisk hydromasażu,,layzspa,mqtt,switch,False,False
switch.layzspa_przycisk_jednostki,Przycisk jednostki,,layzspa,mqtt,switch,False,False
switch.layzspa_przycisk_minus,Przycisk minus,,layzspa,mqtt,switch,False,False
switch.layzspa_przycisk_plus,Przycisk plus,,layzspa,mqtt,switch,False,False
switch.layzspa_przycisk_timera,Przycisk timera,,layzspa,mqtt,switch,False,False
switch.layzspa_przycisk_zasilania,Przycisk zasilania,,layzspa,mqtt,switch,False,False
switch.layzspa_przywroc_po_restarcie,Przywróć po restarcie,,layzspa,mqtt,switch,False,False
switch.layzspa_regulacja_grzania,Regulacja grzania,,layzspa,mqtt,switch,False,False
switch.layzspa_wlacznik,Włącznik,,layzspa,mqtt,switch,False,False
switch.ledvance_plug_compact_eu_em_t,,Atrium,Plug jacuzzi,zha,switch,False,False
switch.living_room_light_switch_1,Table light,Living Room,living room light,tuya,switch,False,False
switch.living_room_light_switch_2,Sofa light,Living Room,living room light,tuya,switch,False,False
switch.main_entrance_doorbell_doorbell_button_sound,Doorbell button sound,Entrance,Main Entrance Doorbell,reolink,switch,False,False
switch.main_entrance_doorbell_email_on_event,Email on event,Entrance,Main Entrance Doorbell,reolink,switch,False,False
switch.main_entrance_doorbell_ftp_upload,FTP upload,Entrance,Main Entrance Doorbell,reolink,switch,False,False
switch.main_entrance_doorbell_infra_red_lights_in_night_mode,Infrared lights in night mode,Entrance,Main Entrance Doorbell,reolink,switch,False,False
switch.main_entrance_doorbell_privacy_mode,Privacy mode,Entrance,Main Entrance Doorbell,reolink,switch,False,False
switch.main_entrance_doorbell_push_notifications,Push notifications,Entrance,Main Entrance Doorbell,reolink,switch,False,False
switch.main_entrance_doorbell_record,Record,Entrance,Main Entrance Doorbell,reolink,switch,False,False
switch.main_entrance_doorbell_record_audio,Record audio,Entrance,Main Entrance Doorbell,reolink,switch,False,False
switch.main_entrance_doorbell_siren_on_event,Siren on event,Entrance,Main Entrance Doorbell,reolink,switch,False,False
switch.mini_media_player_pre_release,Pre-release,,Mini Media Player,hacs,switch,True,False
switch.mosquitto_broker,,,Mosquitto broker,hassio,switch,True,False
switch.mushroom_pre_release,Pre-release,,Mushroom,hacs,switch,True,False
switch.music_assistant,,,Music Assistant,hassio,switch,True,False
switch.music_assistant_player_card_pre_release,Pre-release,,Music Assistant Player Card,hacs,switch,True,False
switch.myuplink_pre_release,Pre-release,,myUplink,hacs,switch,True,False
switch.nspanel_sonoff_1002656e12_1,NSPanel,,NSPanel,sonoff,switch,False,False
switch.nspanel_sonoff_1002656e12_2,NSPanel,,NSPanel,sonoff,switch,False,False
switch.nzbget_download,Download,Living Room,NZBGet,nzbget,switch,False,False
switch.openweathermaphistory_pre_release,Pre-release,,openweathermaphistory,hacs,switch,True,False
switch.pantry_light_switch_1,Switch 1,,Pantry light,tuya,switch,False,False
switch.pantry_light_switch_2,Main,,Pantry light,tuya,switch,False,False
switch.polleninformation_eu_pre_release,Pre-release,,Polleninformation EU,hacs,switch,True,False
switch.pollenprognos_card_pre_release,Pre-release,,pollenprognos-card,hacs,switch,True,False
switch.pool_filter,,Garden back,Pool filter,zha,switch,False,False
switch.pralka,Pralka,Storage Room,Pralka,smartthings,switch,False,False
switch.pralka_bubble_soak,Bubble Soak,Storage Room,Pralka,smartthings,switch,False,False
switch.samba_share,,,Samba share,hassio,switch,True,False
switch.slave_hall_switch_bedrooms_child_lock,Child lock,Hall,Slave hall switch bedrooms,zha,switch,False,False
switch.smart_control_50320,Smart Control (50320),Storage Room,BA-SVM 10-200/12 E,myuplink,switch,False,False
switch.smart_tv_pro_mute,Smart TV Pro Mute,Mezzanine,Smart TV Pro,homekit_controller,switch,False,False
switch.sonoff_lan_pre_release,Pre-release,,Sonoff LAN,hacs,switch,True,False
switch.spotify_connect,,,Spotify Connect,hassio,switch,True,False
switch.starlink_sleep_schedule,Sleep schedule,Garden back,Starlink,starlink,switch,False,False
switch.starlink_stowed,Stowed,Garden back,Starlink,starlink,switch,False,False
switch.suszarka,Suszarka,Storage Room,Suszarka,smartthings,switch,False,False
switch.suszarka_wrinkle_prevent,Wrinkle prevent,Storage Room,Suszarka,smartthings,switch,False,False
switch.tabbed_card_pre_release,Pre-release,,Tabbed Card,hacs,switch,True,False
switch.temporary_lux_50004,Temporary lux (50004),Storage Room,BA-SVM 10-200/12 E,myuplink,switch,False,False
switch.terminal_ssh,,,Terminal & SSH,hassio,switch,True,False
switch.tz3000_j0ktmul1_ts011f_child_lock,Child lock,Garden back,Sprinklers,zha,switch,False,False
switch.tz3000_j0ktmul1_ts011f_switch,Forest,Garden back,Sprinklers,zha,switch,False,False
switch.tz3000_j0ktmul1_ts011f_switch_2,Border,Garden back,Sprinklers,zha,switch,False,False
switch.tz3000_j0ktmul1_ts011f_switch_3,Terrace,Garden back,Sprinklers,zha,switch,False,False
switch.tz3000_j0ktmul1_ts011f_switch_4,Empty,Garden back,Sprinklers,zha,switch,False,False
switch.tz3000_j0ktmul1_ts011f_switch_5,Bamboo,Garden back,Sprinklers,zha,switch,False,False
switch.vacuum_card_pre_release,Pre-release,,Vacuum Card,hacs,switch,True,False
switch.vision_m_1_auto_schedule,Auto schedule,Garden back,Vision M 1,landroid_cloud,switch,True,False
switch.vision_m_1_auto_schedule_exclude_nights,Auto schedule: Exclude nights,Garden back,Vision M 1,landroid_cloud,switch,True,False
switch.vision_m_1_auto_schedule_irrigation,Auto schedule: Irrigation,Garden back,Vision M 1,landroid_cloud,switch,True,False
switch.vision_m_1_firmware_auto_update,Firmware auto update,Garden back,Vision M 1,landroid_cloud,switch,True,False
switch.vision_m_1_lock,Lock,Garden back,Vision M 1,landroid_cloud,switch,True,False
switch.vision_m_1_off_limits,Off Limits,Garden back,Vision M 1,landroid_cloud,switch,True,False
switch.vision_m_1_off_limits_shortcuts,Off Limits shortcuts,Garden back,Vision M 1,landroid_cloud,switch,True,False
switch.vision_m_1_party_mode,Party mode,Garden back,Vision M 1,landroid_cloud,switch,True,False
switch.vision_m_auto_schedule,Auto schedule,Garden back,Vision Tyl,landroid_cloud,switch,True,False
switch.vision_m_auto_schedule_exclude_nights,Auto schedule: Exclude nights,Garden back,Vision Tyl,landroid_cloud,switch,True,False
switch.vision_m_auto_schedule_irrigation,Auto schedule: Irrigation,Garden back,Vision Tyl,landroid_cloud,switch,True,False
switch.vision_m_firmware_auto_update,Firmware auto update,Garden back,Vision Tyl,landroid_cloud,switch,True,False
switch.vision_m_lock,Lock,Garden back,Vision Tyl,landroid_cloud,switch,True,False
switch.vision_m_off_limits,Off Limits,Garden back,Vision Tyl,landroid_cloud,switch,True,False
switch.vision_m_off_limits_shortcuts,Off Limits shortcuts,Garden back,Vision Tyl,landroid_cloud,switch,True,False
switch.vision_m_party_mode,Party mode,Garden back,Vision Tyl,landroid_cloud,switch,True,False
switch.webrtc_camera_pre_release,Pre-release,,WebRTC Camera,hacs,switch,True,False
switch.zigbee2mqtt,,,Zigbee2MQTT,hassio,switch,True,False
switch.zigbee2mqtt_bridge_permit_join,Permit join,,Zigbee2MQTT Bridge,mqtt,switch,False,False
switch.zoes_outside_light_switch_child_lock,Child lock,Zoe's Room,Zoe’s outside light switch,zha,switch,False,False
time.starlink_sleep_end,Sleep end,Garden back,Starlink,starlink,time,False,False
time.starlink_sleep_start,Sleep start,Garden back,Starlink,starlink,time,False,False
timer.chlor,Chlor,,,timer,timer,False,False
timer.sauna_session,Sauna session,,,timer,timer,False,False
timer.sprinkler_run_setting,Sprinkler run setting,,,timer,timer,False,False
timer.sprinklersrun,SprinklersRun,,,timer,timer,False,False
todo.do_ugotowania,Do ugotowania,,,todoist,todo,False,False
todo.domowe,Domowe,,,todoist,todo,False,False
todo.inbox,Inbox,,,todoist,todo,False,False
todo.inbox_2,Inbox,,,todoist,todo,False,False
todo.lista_zakupow,Lista zakupów,,,todoist,todo,False,False
todo.lista_zakupow_2,Lista zakupów,,,todoist,todo,False,False
todo.ogrod,Ogrod,,,todoist,todo,False,False
todo.ogrod_2,Ogrod,,,todoist,todo,False,False
todo.regular_tasks,Regular tasks,,,todoist,todo,False,False
todo.regular_tasks_2,Regular tasks,,,todoist,todo,False,False
todo.shopping_list,Shopping List,,,shopping_list,todo,False,False
tts.google_ai_tts,Google AI TTS,,Google AI TTS,google_generative_ai_conversation,tts,False,False
tts.google_en_com,Google Translate en com,,Google Translate en com,google_translate,tts,False,False
tts.home_assistant_cloud,Home Assistant Cloud,,,cloud,tts,False,False
update.0xa4c13801067fe42c,,,Projector socket,mqtt,update,False,False
update.advanced_camera_card_update,Advanced Camera Card update,,Advanced Camera Card,hacs,update,False,False
update.aircast_update,Update,,AirCast,hassio,update,False,False
update.alarmo_update,Alarmo update,,Alarmo,hacs,update,False,False
update.appdaemon_update,Update,,AppDaemon,hassio,update,False,False
update.atrium_ceiling_socket_firmware,Atrium ceiling socket Firmware,Garden back,Atrium ceiling socket,zha,update,False,False
update.atrium_firmware,Firmware,Atrium,Atrium,reolink,update,False,False
update.awesome_ha_cards_update,Awesome HA Cards update,,Awesome HA Cards,hacs,update,False,False
update.ba_svm_10_200_12_e_firmware,Firmware,Storage Room,BA-SVM 10-200/12 E,myuplink,update,False,False
update.bathroom_led_controller_firmware,Firmware,Bathroom,Bathroom Led controller,zha,update,False,False
update.bathroom_presence_detector_firmware,Firmware,Bathroom,Bathroom presence detector,zha,update,False,False
update.bathroom_sink_switch_firmware,Firmware,Bathroom,Bathroom Sink switch,zha,update,False,False
update.beam_led_controller_firmware,Firmware,Living Room,Beam led controller,zha,update,False,False
update.bedroom_led_controller_firmware_3,Firmware,Bedroom,Bedroom Led controller,zha,update,False,False
update.bubble_card_update,Bubble Card update,,Bubble Card,hacs,update,False,False
update.cabinet_led_controller_firmware,Firmware,Kitchen,Cabinet led controller,zha,update,False,False
update.cabinet_switch_firmware,Firmware,Kitchen,Cabinet Switch,zha,update,False,False
update.card_mod_update,card-mod update,,card-mod,hacs,update,False,False
update.clock_weather_card_update,Clock Weather Card update,,Clock Weather Card,hacs,update,False,False
update.closet_left_door_firmware,Firmware,Entrance,Closet left door,zha,update,False,False
update.closet_right_door_firmware,Firmware,Entrance,Closet right door,zha,update,False,False
update.deebot_4_home_assistant_update,Deebot 4 Home Assistant update,,Deebot 4 Home Assistant,hacs,update,False,False
update.digital_clock_update,Digital Clock update,,Digital Clock,hacs,update,False,False
update.drawer_sensor_firmware,Firmware,Kitchen,Drawer sensor,zha,update,False,False
update.entertainment_switch_firmware,Firmware,Living Room,entertainment switch,zha,update,False,False
update.entrance_motion_sensor_firmware,Firmware,Entrance,Entrance Motion Sensor,zha,update,False,False
update.entrance_outside_light_firmware,Firmware,Entrance,Entrance Outside light,zha,update,False,False
update.ewelink_smart_home_update,Update,,eWeLink Smart Home,hassio,update,False,False
update.file_editor_update,Update,,File editor,hassio,update,False,False
update.frosted_glass_theme_update,Frosted Glass Theme update,,Frosted Glass Theme,hacs,update,False,False
update.fusion_solar_update,Fusion Solar update,,Fusion Solar,hacs,update,False,False
update.gable_wall_lights_switch_firmware,Firmware,Kitchen,Gable wall lights switch,zha,update,False,False
update.garage_door_sensor_firmware,Firmware,Garage,Garage door sensor,zha,update,False,False
update.garage_light_switch_firmware,Garage light switch Firmware,Garage,Garage light switch,zha,update,False,False
update.garmin_connect_update,Garmin Connect update,,Garmin Connect,hacs,update,False,False
update.hacs_update,HACS update,,HACS,hacs,update,False,False
update.hall_led_controller_firmware,Firmware,Hall,Hall led controller,zha,update,False,False
update.hall_main_light_switch_firmware,Firmware,Hall,Hall main light switch,zha,update,False,False
update.hall_motion_sensor_firmware,Firmware,Hall,Hall motion sensor,zha,update,False,False
update.home_assistant_core_update,Update,,Home Assistant Core,hassio,update,False,False
update.home_assistant_google_drive_backup_update,Update,,Home Assistant Google Drive Backup,hassio,update,False,False
update.home_assistant_operating_system_update,Update,,Home Assistant Operating System,hassio,update,False,False
update.home_assistant_supervisor_update,Update,,Home Assistant Supervisor,hassio,update,False,False
update.immich_update,Update,,Immich,hassio,update,False,False
update.ios_themes_dark_mode_and_light_mode_update,iOS Themes - Dark Mode and Light Mode update,,iOS Themes - Dark Mode and Light Mode,hacs,update,False,False
update.island_and_sofa_switch_firmware,Firmware,Kitchen,Island and sofa switch,zha,update,False,False
update.island_switch_firmware,Firmware,Kitchen,Island switch,zha,update,False,False
update.kids_bathroom_led_controller_firmware_5,Firmware,Kid's bathroom,Kids bathroom Led controller,zha,update,False,False
update.kitchen_outside_light_switch_firmware,Firmware,Kitchen,Kitchen Outside light switch,zha,update,False,False
update.knob_firmware,Firmware,Bedroom,Knob,zha,update,False,False
update.landroid_cloud_update,Landroid Cloud update,,Landroid Cloud,hacs,update,False,False
update.ledvance_plug_compact_eu_em_t_firmware,Firmware,Atrium,Plug jacuzzi,zha,update,False,False
update.living_room_leds_switch_firmware,Firmware,Living Room,Living room Leds switch,zha,update,False,False
update.living_room_presence_detector_firmware,Firmware,Living Room,Living room presence detector,zha,update,False,False
update.lr_temperature_sensor_firmware,Firmware,Living Room,LR Temperature sensor,zha,update,False,False
update.main_entrance_doorbell_firmware,Firmware,Entrance,Main Entrance Doorbell,reolink,update,False,False
update.main_light_switch_stairs_firmware,Firmware,Mezzanine,Main light switch stairs,zha,update,False,False
update.mezzanine_main_light_switch_firmware_7,Firmware,Mezzanine,Mezzanine Main light switch,zha,update,False,False
update.mini_media_player_update,Mini Media Player update,,Mini Media Player,hacs,update,False,False
update.mosquitto_broker_update,Update,,Mosquitto broker,hassio,update,False,False
update.mushroom_update,Mushroom update,,Mushroom,hacs,update,False,False
update.music_assistant_player_card_update,Music Assistant Player Card update,,Music Assistant Player Card,hacs,update,False,False
update.music_assistant_server_update,Update,,Music Assistant,hassio,update,False,False
update.myuplink_update,myUplink update,,myUplink,hacs,update,False,False
update.neon_firmware,Firmware,Bedroom,Neon,zha,update,False,False
update.nspanel_lovelace_ui_backend_update,NSPanel Lovelace UI Backend update,,NSPanel Lovelace UI Backend,hacs,update,False,False
update.olaf_led_controller_firmware_4,Firmware,Olaf's room,Olaf Led controller,zha,update,False,False
update.olaf_s_main_light_switch_firmware,Olaf's main light switch Firmware,Olaf's room,Olaf's main light switch,zha,update,False,False
update.openweathermaphistory_update,openweathermaphistory update,,openweathermaphistory,hacs,update,False,False
update.pantry_motion_sensor_firmware_2,Pantry motion sensor Firmware,Pantry,Pantry motion sensor,zha,update,False,False
update.polleninformation_eu_update,Polleninformation EU update,,Polleninformation EU,hacs,update,False,False
update.pollenprognos_card_update,pollenprognos-card update,,pollenprognos-card,hacs,update,False,False
update.pool_filter_firmware,Firmware,Garden back,Pool filter,zha,update,False,False
update.porch_led_1_corner_firmware,Firmware,Garden back,Porch Led 1 corner,zha,update,False,False
update.porch_led_2_hs_firmware,Porch led 2 hs Firmware,Garden back,Porch led 2 hs,zha,update,False,False
update.porch_led_3_swing_firmware,Firmware,Garden back,Porch led 3 swing,zha,update,False,False
update.porch_led_4_atrium_firmware,Porch led 4 atrium Firmware,Garden back,Porch led 4 atrium,zha,update,False,False
update.porch_led_5_hottub_firmware,Porch Led 5 hottub Firmware,Garden back,Porch Led 5 hottub,zha,update,False,False
update.samba_share_update,Update,,Samba share,hassio,update,False,False
update.slave_hall_switch_bedrooms_firmware,Firmware,Hall,Slave hall switch bedrooms,zha,update,False,False
update.sonoff_lan_update,Sonoff LAN update,,Sonoff LAN,hacs,update,True,False
update.spotify_connect_update,Update,,Spotify Connect,hassio,update,False,False
update.stairs_run_switch_firmware,Firmware,Living Room,Stairs run switch,zha,update,False,False
update.storage_main_light_switch_firmware_5,Firmware,Storage Room,Storage Main light switch,zha,update,False,False
update.storage_motion_detector_firmware,Firmware,Storage Room,Storage Motion detector,zha,update,False,False
update.tabbed_card_update,Tabbed Card update,,Tabbed Card,hacs,update,False,False
update.terminal_ssh_update,Update,,Terminal & SSH,hassio,update,False,False
update.top_led_controller_firmware,Firmware,Living Room,Top led controller,zha,update,False,False
update.tz3000_6ygjfyll_ts0202_firmware,Firmware,Garage,Garage motion sensor,zha,update,False,False
update.tz3000_cauq1okq_ts0002_firmware,Firmware,Hall,Hall stairs switch slave,zha,update,False,False
update.tz3000_cauq1okq_ts0002_firmware_2,Firmware,Hall,Hall entrance rooms switches slave,zha,update,False,False
update.tz3000_cauq1okq_ts0002_firmware_3,Firmware,Hall,Hall Storage switches slave,zha,update,False,False
update.tz3000_j0ktmul1_ts011f_firmware,Firmware,Garden back,Sprinklers,zha,update,False,False
update.tz3000_kqvb5akv_ts0001_firmware,Firmware,Garden back,Garden lamps,zha,update,False,False
update.tz3000_rxlv8md7_ts0001_firmware,Firmware,Garden back,Lamp switch,zha,update,False,False
update.tz3210_amleyeej_ts0501b_firmware,Firmware,Garden back,Extender,zha,update,False,False
update.vacuum_card_update,Vacuum Card update,,Vacuum Card,hacs,update,False,False
update.vision_m_1_firmware,Firmware,Garden back,Vision M 1,landroid_cloud,update,False,False
update.vision_m_firmware,Firmware,Garden back,Vision Tyl,landroid_cloud,update,False,False
update.webrtc_camera_update,WebRTC Camera update,,WebRTC Camera,hacs,update,False,False
update.zha_entrance_lights_firmware,Firmware,Entrance,Zha Entrance lights,zha,update,False,False
update.zha_s_entrance_lights_firmware,Firmware,Entrance,Zha (S) Entrance lights,zha,update,False,False
update.zigbee2mqtt_update,Update,,Zigbee2MQTT,hassio,update,False,False
update.zoe_s_led_controller_firmware_2,Firmware,Zoe's Room,Zoe’s Led controller,zha,update,False,False
update.zoe_s_main_light_switch_firmware,Zoe's main light switch Firmware,Zoe's Room,Zoe's main light switch,zha,update,False,False
update.zoe_s_outside_light_switch_firmware_6,Firmware,Zoe's Room,Zoe’s outside light switch,zha,update,False,False
vacuum.herunohazumi_gmail_com,,Living Room,herunohazumi@gmail.com,ecovacs,vacuum,False,False
vacuum.herunohazumi_gmail_com_2,,,herunohazumi@gmail.com,ecovacs,vacuum,False,False
weather.openweathermap,,,OpenWeatherMap,openweathermap,weather,False,False
weather.weatherhistory,,,WeatherHistory,openweathermaphistory,weather,False,False
